id,domain,status,purchase_price,renewal_price,attractiveness,demand,length,registrar,created_at,expires_at,status_verified_at
611d47f7-1983-48ac-bd04-7340e0cd5e6c,chaim.diy,available,30.2,30.2,medium,low,5,cloudflare,,,29/09/2026 22:18
ec2c7406-5e45-411d-9ebf-7362a25c6545,telephonic.diy,available,4.98,51.98,medium,low,10,namecheap,,,11/09/2026 10:20
fd8c74cb-7847-4363-a649-186af00f7d59,give.diy,premium,875,,high,low,4,name.com,,,29/09/2026 07:45
1a585c35-205d-4b7b-8fae-626df09f2e2f,accessary.diy,available,4.98,51.98,medium,low,9,namecheap,,,
03cbcf0b-e6e7-467d-865c-0d6bcd3e9b9e,titular.diy,available,4.98,51.98,medium,low,7,namecheap,,,11/09/2026 16:32
1c576150-26ae-47c2-95bc-8d50567abae9,outline.diy,premium,640,640,high,low,7,namesilo,,,24/09/2026 23:45
d00b6756-d54e-4595-8c37-3dbf08648539,experimenting.diy,available,5.49,39.99,high,low,13,namesilo,,,29/09/2026 08:49
880fb939-57f6-470f-83c1-5067c35fe0f6,exceeding.diy,available,4.98,51.98,high,low,9,namecheap,,,17/08/2026 15:59
a6709e8d-6256-46ec-8945-6bc7479c1dae,ashland.diy,available,5.49,39.99,high,low,7,namesilo,,,27/09/2026 08:14
675a1564-3c3c-4333-8f86-fca49304beae,terrible.diy,available,5.49,39.99,high,low,8,namesilo,,,22/09/2026 15:19
22f21f68-4c9d-472a-a470-3ef7da8ee1b8,hokey.diy,premium,87.5,125,medium,low,5,name.com,,,09/08/2026 00:37
d0cc7260-83e9-4d59-a3e8-e86e8e260674,backbend.diy,available,5.49,39.99,medium,low,8,namesilo,,,21/09/2026 15:01
99f2547e-cdde-4791-91b7-783ea190f2f1,sam.diy,premium,1107,1107,high,medium,3,namesilo,,,30/09/2026 10:32
c7f0a23f-6652-4d61-91e3-f3a92b521ae2,onshore.diy,available,4.98,51.98,high,low,7,namecheap,,,22/08/2026 06:55
7587dad9-8545-412d-9db8-acbe05068c0e,howl.diy,premium,302.5,302.5,high,low,4,namesilo,,,25/09/2026 00:27
da45c9e3-3910-428d-aba6-9fc4a34c5f67,powell.diy,available,5.49,39.99,high,low,6,namesilo,,,25/09/2026 04:09
3a82b60d-1b5b-47f6-bb6a-167dd3e9eaec,pawpaw.diy,available,5.49,39.99,medium,low,6,namesilo,,,20/09/2026 14:11
fb131aa6-15e1-407f-aa69-b422f99ba8a2,nelson.diy,available,5.49,39.99,high,low,6,namesilo,,,17/09/2026 08:49
fd5f876b-e396-4970-9a3f-83be8064001e,balkans.diy,available,5.49,39.99,medium,low,7,namesilo,,,21/09/2026 22:15
3777b4a1-39d4-4161-ae49-8a18ffaafe7e,private.diy,premium,455,650,high,medium,7,namecheap,,,27/09/2026 06:15
a4b12c77-b544-4062-b111-3460aaecc2ce,frightened.diy,available,4.98,51.98,medium,low,10,namecheap,,,18/08/2026 15:37
bd8ae909-e6cd-46a5-9261-3f8ebdd8baa1,draw.diy,premium,218.75,,high,low,4,name.com,,,28/09/2026 23:10
bd1af6cf-2ea1-464d-bbbd-792ed2337422,apartment.diy,premium,455,650,high,low,9,namecheap,,,19/09/2026 16:17
580b1613-b975-4cd1-8a7f-6de735529e1e,sideway.diy,available,4.98,51.98,high,medium,7,namecheap,,,10/09/2026 07:47
ce06c264-df35-4b9a-90e6-2f027b1de895,wizards.diy,available,4.35,31.25,high,low,7,spaceship,,,02/10/2026 03:40
e1175020-038d-4be3-b1ea-bdd7162bfd08,minsk.diy,premium,362.45,517.7,high,low,5,spaceship,,,28/09/2026 05:24
79c98a65-dc43-4e32-96c3-67236c089a51,roseola.diy,available,4.98,51.98,high,medium,7,namecheap,,,09/09/2026 10:27
399228be-552a-4154-a9d1-22c351b9301a,reacts.diy,available,4.35,31.25,medium,low,6,spaceship,,,01/10/2026 18:32
ad7fd80a-a5b4-4030-bd8f-a96f673c3764,abrocome.diy,available,5.49,39.99,medium,low,8,namesilo,,,16/09/2026 17:14
c433774c-b415-4583-b748-33d3287ad041,benzyl.diy,available,4.98,51.98,high,low,6,namecheap,,,23/09/2026 09:03
09e6d0bb-3f78-44d2-9c52-0587fa0ae309,senile.diy,available,4.98,51.98,medium,low,6,namecheap,,,14/08/2026 14:36
c3251678-16d7-4dd6-832d-ddad5176bf5e,catclaw.diy,available,4.98,51.98,medium,low,7,namecheap,,,23/09/2026 23:59
ca9329d4-5f4d-41c4-9df1-7bd6d32aa73f,angled.diy,available,4.98,51.98,medium,low,6,namecheap,,,
d75821fd-657e-4bda-aa9e-f26608b687cc,nauseating.diy,available,4.98,51.98,medium,low,10,namecheap,,,24/08/2026 08:23
f316f8cd-b764-48b4-beb9-08ac0b00a581,solid.diy,premium,91,130,high,medium,5,namecheap,,,27/09/2026 17:59
37092839-015d-45d8-a000-07e17442435b,hogan.diy,premium,640,640,high,low,5,namesilo,,,23/09/2026 07:21
69bca3fb-a1e2-44e8-b927-8c913a2468ef,fastgrowing.diy,available,5.49,39.99,high,low,12,namesilo,,,
a0e48561-61b3-48f7-add8-9b3f4fa91330,irony.diy,premium,116,116,high,low,5,namesilo,,,24/09/2026 13:17
58b1b1f6-2a51-4c59-902d-f897504f056e,coercive.diy,available,4.98,51.98,medium,low,8,namecheap,,,12/08/2026 15:24
a1d51bff-9aa2-403f-b124-b26f383d5816,nauseous.diy,available,4.98,51.98,medium,low,8,namecheap,,,24/08/2026 08:24
fac786a6-5d0f-48f3-a1f1-3e2eabf0d36c,freeze.diy,available,5.49,39.99,medium,low,6,namesilo,,,25/09/2026 22:53
590d5003-6efe-4584-be91-5589d18afc2a,noetic.diy,available,4.98,51.98,high,low,6,namecheap,,,22/08/2026 07:52
ffb5b6a0-cbff-4f98-810d-8c80d6841ef8,treacherous.diy,available,4.63,31.41,medium,low,11,porkbun,,,30/09/2026 03:44
500378e5-9132-4269-9c30-79a1a54be5ad,defeat.diy,available,5.49,39.99,medium,low,6,namesilo,,,27/09/2026 12:58
d5ab6355-23f9-4386-80be-68160e1e4658,tricked.diy,available,4.35,31.25,medium,low,7,spaceship,,,29/09/2026 23:35
78605863-c7e0-4c31-aceb-01172b71e2b5,recondite.diy,available,4.98,51.98,medium,low,9,namecheap,,,
e74b4165-ac45-4dd0-adad-cf7e375b1271,stead.diy,premium,72.65,103.7,medium,low,5,spaceship,,,01/10/2026 20:20
a12937fa-481a-4740-b06a-6ccb3c3f9aa2,crowded.diy,available,4.98,51.98,high,low,7,namecheap,,,24/09/2026 02:10
93d10cf5-a203-47a3-aa01-e1547f6c0cdf,girls.diy,premium,91,130,high,low,5,namecheap,,,16/09/2026 23:49
387b3799-ce19-4b76-8465-c71d55f7a60d,classified.diy,available,4.98,51.98,high,low,10,namecheap,,,19/09/2026 14:44
c3c216cd-ccd6-49b2-831c-1dc290e25ef9,ostracize.diy,available,5.49,39.99,medium,low,9,namesilo,,,24/09/2026 01:58
53f87510-78bb-479f-a48a-7e49ff053866,cultivators.diy,available,4.63,31.41,medium,low,11,porkbun,,,30/09/2026 00:43
d7aac7ce-b463-41b3-b98a-ad8bc2635a10,bowen.diy,available,5.49,39.99,medium,low,5,namesilo,,,25/09/2026 12:42
42d42210-92b8-4d33-9449-b5d6f1a99a7e,soured.diy,available,4.98,51.98,high,medium,6,namecheap,,,10/09/2026 14:46
f3c725d3-da29-4d97-ae73-24a1c858c260,parentally.diy,available,4.98,51.98,medium,low,10,namecheap,,,15/09/2026 18:57
f8b63df0-e47c-4919-b361-4b5ae28e722b,fourteen.diy,available,5.49,39.99,high,low,8,namesilo,,,21/09/2026 11:38
2c9f0144-cbcc-44d9-8909-2a98ed4fbf62,drove.diy,premium,116,116,high,low,5,namesilo,,,25/09/2026 22:29
8d88cd4f-edfd-4a9a-a6c6-64cf1480bd60,trevor.diy,available,5.49,39.99,high,low,6,namesilo,,,26/09/2026 03:30
79a7042a-7770-43c2-a2ae-83b4eef44d17,reform.diy,available,4.98,51.98,medium,low,6,namecheap,,,01/10/2026 14:37
8873882c-1d80-4ee9-aff9-e6a7d71ad59e,prelate.diy,available,5.49,39.99,medium,low,7,namesilo,,,20/09/2026 02:36
a4105c1b-eb2a-4364-8abe-8ec2e8bec7e5,develop.diy,premium,640,640,high,low,7,namesilo,,,30/09/2026 13:46
99f662e7-2e89-473f-9a13-ecc1529f8129,abactinal.diy,available,4.98,51.98,medium,low,9,namecheap,,,
81169c65-a141-41e3-a8f4-637829e0bd1e,arriviste.diy,available,4.98,51.98,medium,low,9,namecheap,,,03/09/2026 22:17
85bbd108-9916-4e6e-bb2c-834968d21bf5,neurological.diy,available,4.98,51.98,medium,low,12,namecheap,,,29/09/2026 16:30
cf03c070-fd24-49f0-b885-202cb77a3c2d,vatic.diy,premium,87.5,125,low,low,5,name.com,,,14/08/2026 13:52
b3c29704-f449-49da-bc45-d98e55209776,bolshevik.diy,available,4.98,51.98,high,low,9,namecheap,,,10/08/2026 17:50
ffb57310-e76f-4ef2-bbbc-78ecf1cef60b,sear.diy,premium,218.75,312.5,medium,low,4,name.com,,,14/08/2026 19:05
645e3a1a-9bd5-46e0-9c47-641f191df549,olaf.diy,premium,181.33,258.95,medium,low,4,spaceship,,,28/09/2026 07:48
1fc9ce6c-53dc-4cc2-9e62-bad35ec5c2b9,discontinue.diy,available,4.35,31.25,high,low,11,spaceship,,,01/10/2026 05:15
6b0eb9ee-2668-4f4d-a2ca-2701fa8b9bbb,horrific.diy,available,4.98,51.98,medium,low,8,namecheap,,,14/08/2026 08:59
6ceabae8-99ae-4808-adfa-2b8247cbac20,mccoy.diy,available,4.35,31.25,high,low,5,spaceship,,,27/09/2026 21:17
d812d6e6-97c7-43a7-a213-c63c575dc2eb,osborne.diy,premium,455,650,high,medium,7,namecheap,,,25/09/2026 08:01
5e4423f2-4b98-46fc-aae3-498f21c6270f,heroine.diy,available,4.35,31.25,high,low,7,spaceship,,,29/09/2026 07:16
6f7c2726-535d-467b-b13d-3f2008219cf4,floater.diy,available,4.98,51.98,medium,low,7,namecheap,,,13/09/2026 00:52
c177d43f-1112-42b4-8dea-e7dedd76be27,haste.diy,premium,116,116,high,low,5,namesilo,,,27/09/2026 17:08
f61ce44a-8a3a-4154-9188-811ea1984c5e,iwo.diy,premium,,,medium,low,3,,,,29/09/2026 19:21
4c864ac6-ce78-472e-9d1a-4b7eaee067bd,baldy.diy,premium,116,116,medium,low,5,namesilo,,,21/09/2026 21:43
ab1f4b6f-fc0e-401c-8e2f-26eeeff2c570,provinces.diy,available,5.49,39.99,medium,low,9,namesilo,,,18/09/2026 15:35
10eb28ea-8f23-4c34-aeba-8f10017c48ba,swagman.diy,available,4.98,51.98,medium,low,7,namecheap,,,11/09/2026 05:01
240801f4-8d8b-40ad-bb0b-1d988ce5c8ba,joyce.diy,available,30.2,30.2,high,low,5,cloudflare,,,27/09/2026 14:23
dda1048d-112e-4449-851f-4ab17e74c8d6,anshar.diy,available,5.49,39.99,medium,low,6,namesilo,,,19/09/2026 12:12
ded28602-8944-414f-84d8-cd2650ead6bc,tyrone.diy,available,4.35,31.25,high,low,6,spaceship,,,29/09/2026 20:57
46101a4d-6dd7-47fb-98a8-9f5b4df3cec1,minacious.diy,available,4.98,51.98,low,low,9,namecheap,,,24/08/2026 19:57
5c488bbb-0c44-4d7e-9ffe-b3bd89242c7b,capitol.diy,premium,640,640,high,low,7,namesilo,,,29/09/2026 07:23
919781da-2ec3-4da0-8216-eddc4e8472c4,tarragon.diy,available,5.49,39.99,high,low,8,namesilo,,,20/09/2026 10:17
ad1a11d4-c675-45e8-827e-4dbb91411236,digitate.diy,available,4.98,51.98,medium,low,8,namecheap,,,14/08/2026 07:19
056b4ed1-a83e-4164-9b32-7c398fd280a8,targeted.diy,available,4.35,31.25,medium,low,8,spaceship,,,28/09/2026 21:29
f380b04b-3de6-47b1-a328-a3adf1ee1d3d,boil.diy,premium,181.33,258.95,medium,low,4,spaceship,,,29/09/2026 00:13
ee90818d-50d7-4298-84be-20b485c6eb1b,browns.diy,premium,362.45,517.7,medium,low,6,spaceship,,,30/09/2026 00:26
0b7bd18a-749d-429f-ab1c-9c0fe8153a69,hipaa.diy,available,5.49,39.99,medium,low,5,namesilo,,,
251d520c-50e7-4ed3-8ce6-40d09c5c07e1,tense.diy,premium,91,130,high,low,5,namecheap,,,11/09/2026 11:26
5112b931-0853-4e2b-84e6-617133aeefea,franco.diy,available,4.35,31.25,high,low,6,spaceship,,,29/09/2026 06:44
6990be6b-7595-48b1-8d25-248a8dc7262a,anthracite.diy,available,4.98,51.98,medium,low,10,namecheap,,,19/09/2026 13:48
3f6a609b-24eb-4e46-9072-90100aea1f03,boaster.diy,available,4.98,51.98,medium,low,7,namecheap,,,11/08/2026 01:18
a5fea872-4bf8-472b-bc39-57b37000bcda,creditable.diy,available,4.98,51.98,high,low,10,namecheap,,,13/08/2026 05:54
1bfa3e3b-e0b5-4671-a024-d18202c3f47a,bonner.diy,available,4.35,31.25,high,low,6,spaceship,,,28/09/2026 07:28
9a151c60-1f1d-4550-8d3f-c8dc1ddaa5fa,walk.diy,premium,302.5,302.5,high,low,4,namesilo,,,27/09/2026 02:47
195579eb-bdd2-4529-9fe3-789a9c6de33b,jonesboro.diy,available,30.2,30.2,medium,low,9,cloudflare,,,01/10/2026 02:47
edaa6241-7b56-4eb0-b391-451f22c4a42e,did.diy,premium,875,,high,low,3,name.com,,,
dea0da0a-73df-4656-befb-9fc7716124c8,glaring.diy,available,4.98,51.98,medium,low,7,namecheap,,,10/08/2026 13:47
49a34270-bc2c-499f-9fba-93d1ce961f3f,promotion.diy,premium,875,,high,low,9,name.com,,,28/09/2026 18:56
999948b5-5569-4bc9-a09e-b9f6c5fb209f,haggard.diy,available,4.98,51.98,medium,low,7,namecheap,,,10/08/2026 18:56
f54df27c-86a7-4019-b049-84063b6599d3,insisted.diy,available,39.99,59.99,medium,low,8,name.com,,,27/09/2026 23:35
a582f33a-9ae5-4401-b727-99aed4039148,embodied.diy,available,4.98,51.98,high,low,8,namecheap,,,16/08/2026 09:35
4ff249e7-5a7c-412d-b078-9e92c4cc90bc,yogic.diy,premium,91,130,medium,low,5,namecheap,,,13/09/2026 14:41
055db9dd-2d96-4137-8c25-41a122e26ea6,oxide.diy,premium,116,116,high,low,5,namesilo,,,30/09/2026 02:26
5e7abdd9-9976-4b27-83fa-280c9e59938e,impulses.diy,available,4.99,32.32,medium,low,8,dynadot,,,30/09/2026 14:13
4619393d-9ece-40ea-87e3-6f733a16b049,jesuit.diy,available,4.98,51.98,high,low,6,namecheap,,,22/08/2026 13:03
e1122bab-28f2-4993-9775-382994a481cc,toast.diy,premium,110,110,high,low,5,dynadot,,,29/09/2026 21:04
ebe1fb21-9345-4085-a5a6-0c16c1011369,eaten.diy,premium,87.5,,high,low,5,name.com,,,30/09/2026 22:38
9d8bb2fa-311c-4566-b760-770e1924093a,luckless.diy,available,4.98,51.98,medium,low,8,namecheap,,,24/08/2026 10:59
cb63c0c0-8a5c-497e-a523-39f4943690c0,coupled.diy,available,4.98,51.98,high,low,7,namecheap,,,12/08/2026 22:15
705a188f-6c81-440a-a595-b26ca82a77b8,bauhinia.diy,available,5.49,39.99,medium,low,8,namesilo,,,22/09/2026 16:38
2bef353b-a025-43a1-8284-60c3f30afc80,classrooms.diy,available,5.49,39.99,medium,low,10,namesilo,,,01/10/2026 18:38
d98f0d03-dad4-45bb-9afc-c4a295372d7e,ims.diy,premium,302.5,302.5,high,low,3,namesilo,,,30/09/2026 06:44
bf1c72cb-4385-421e-98a2-558731362f3c,dennis.diy,available,5.49,39.99,high,low,6,namesilo,,,25/09/2026 13:58
ace689a1-7b05-44b1-8b34-773469cb609c,rockford.diy,premium,,,high,low,8,,,,27/09/2026 15:41
50ae4706-2891-426c-bc7a-a83f548cf8fc,bidet.diy,premium,91,130,high,low,5,namecheap,,,23/09/2026 13:46
dbba113a-b53f-4436-bb6c-885e92905181,musicals.diy,available,30.2,30.2,medium,low,8,cloudflare,,,01/10/2026 17:51
d5d47102-daa0-44fc-b32e-d98713bee71a,lucia.diy,available,5.49,39.99,high,low,5,namesilo,,,28/09/2026 16:23
bf97f74c-f597-4dbd-bf5f-0f2526498eb7,jaggy.diy,premium,87.5,125,medium,low,5,name.com,,,17/08/2026 12:34
8acc1dbc-6cad-4c39-bea5-a9ef0f05d67b,amblyopia.diy,available,5.49,39.99,medium,low,9,namesilo,,,18/09/2026 17:11
65dba5a9-99b5-440c-8660-e52511f1f1cf,lumbar.diy,available,4.98,51.98,high,low,6,namecheap,,,24/08/2026 11:06
c8cdba0a-75f9-4160-807c-68c78ad4d9bb,mobilized.diy,available,4.63,31.41,medium,low,9,porkbun,,,01/10/2026 23:11
c924ce5c-4093-47d4-8346-e2b44b5eef72,liberty.diy,premium,640,640,high,high,7,namesilo,,,21/09/2026 07:30
c5f40227-50d4-434b-8f94-44c45ed054ba,sunstone.diy,available,5.49,39.99,high,low,8,namesilo,,,21/09/2026 09:07
707243eb-3d8d-4a84-a50b-dbde105175a5,ride.diy,premium,724.7,1035.2,high,low,4,spaceship,,,29/09/2026 00:38
69c72823-6ee6-40fb-96e1-992b29914b08,barbet.diy,available,5.49,39.99,medium,low,6,namesilo,,,22/09/2026 04:53
e13a9ed9-e888-4964-bd7c-cb62416cb181,psychiatry.diy,available,4.35,31.25,high,low,10,spaceship,,,29/09/2026 20:04
5189c4bd-e180-42c4-89e5-3aad20f312ad,arsenal.diy,premium,640,640,high,low,7,namesilo,,,20/09/2026 09:36
98aa6566-20dc-45ec-ad5a-85aaefb7d7dc,boredom.diy,available,5.49,39.99,medium,low,7,namesilo,,,24/09/2026 07:28
6aa51e64-f01c-476d-8834-611757920bf7,necessary.diy,available,5.49,39.99,high,low,9,namesilo,,,24/09/2026 15:21
6f6d636d-4c1e-4a17-b3db-2a6682edf4b5,whiskered.diy,available,4.98,51.98,medium,low,9,namecheap,,,08/08/2026 16:15
bc367031-3f74-4df6-89ac-6a050227fd81,shoplift.diy,available,4.99,32.32,medium,low,8,dynadot,,,30/09/2026 21:24
430a4d06-c8af-4f70-89dd-b2bb5c7e8337,dyadic.diy,available,4.98,51.98,medium,low,6,namecheap,,,14/08/2026 21:52
500dca94-74d5-4a07-8bb4-ef1d63015a09,ephesian.diy,available,4.98,51.98,medium,low,8,namecheap,,,17/08/2026 10:24
8b700b4c-26c6-497a-8c01-5ab2a7859643,practicing.diy,available,4.35,31.25,high,low,10,spaceship,,,01/10/2026 23:50
c45b2814-5a1e-4796-be6f-c16a4368fe4a,nebulously.diy,available,4.98,51.98,low,low,10,namecheap,,,15/09/2026 16:18
6e76451c-6238-4648-b619-5382ffe6ad97,cerium.diy,available,4.98,51.98,high,low,6,namecheap,,,14/09/2026 06:07
39621243-7567-415c-830f-be0e086bef37,selo.diy,available,5.49,39.99,high,low,4,namesilo,,,30/09/2026 15:04
da834e87-293f-44a6-b865-f61e970eb98a,quentin.diy,available,4.98,51.98,medium,low,7,namecheap,,,27/09/2026 01:36
effae964-30d7-4c97-8048-d66a4b3298d3,dolly.diy,available,4.63,31.41,high,low,5,porkbun,,,27/09/2026 13:05
2f9d5483-2030-467c-b487-eeb9b4d6e2bd,seed.diy,premium,362.45,517.7,high,medium,4,spaceship,,,29/09/2026 10:21
4b3dbe76-fd8c-4dd7-864b-8aea1dee6c5f,haig.diy,available,30.2,30.2,medium,low,4,cloudflare,,,28/09/2026 12:12
c874dadb-aa50-47d3-b5f8-a89043cc5286,revolver.diy,premium,362.45,517.7,high,low,8,spaceship,,,28/09/2026 20:20
1b2afa65-f23c-4971-bba7-1f46073e9493,scoffing.diy,available,4.98,51.98,medium,low,8,namecheap,,,22/08/2026 12:43
744d766b-3f64-47d3-90bc-8415009ff966,earthquake.diy,available,4.63,31.41,high,low,10,porkbun,,,27/09/2026 13:14
f9663dd0-6aea-42fa-a8e3-e362977dad75,europe.diy,premium,362.45,517.7,high,medium,6,spaceship,,,29/09/2026 10:27
782ab15d-3d4d-4942-b7bc-01fa2ba09fed,breastfeed.diy,available,5.49,39.99,high,low,11,namesilo,,,
fdbafb3c-fd1b-4ed8-865d-056755f002dd,undaunted.diy,available,4.98,51.98,high,low,9,namecheap,,,12/09/2026 07:00
73a69ffa-5527-4191-9781-826211a86c49,allgood.diy,available,5.49,39.99,high,low,7,namesilo,,,18/09/2026 10:56
1be9b0c4-c59c-4a53-9ad3-f0bee6746b9d,peeling.diy,available,4.35,31.25,high,low,7,spaceship,,,02/10/2026 04:35
7b594b56-6cda-46ea-8cd5-cae5a1af5fcc,construction.diy,premium,325,650,high,low,12,namecheap,,,
7a7efc63-831a-41b3-88ec-b921ef03744f,astronium.diy,available,4.98,51.98,medium,low,9,namecheap,,,20/09/2026 18:03
c83e470f-2959-4aab-ae8e-b41134e0c75e,showy.diy,premium,437.5,625,medium,low,5,name.com,,,18/08/2026 06:20
a26206c3-62f9-494c-8c4d-e37e9401a0e1,believing.diy,available,4.98,51.98,high,low,9,namecheap,,,23/09/2026 05:15
478ef409-7ee3-4ba8-b324-e848436b83f1,discreet.diy,available,4.98,51.98,high,low,8,namecheap,,,12/08/2026 08:23
e271fc51-df40-49e9-9024-8dd151875bdf,legless.diy,available,4.98,51.98,medium,low,7,namecheap,,,22/08/2026 23:13
42c485c3-6365-4d5f-8cd5-6b41c194024e,bombay.diy,premium,550,550,medium,low,6,dynadot,,,29/09/2026 00:15
3a49ca73-2607-481a-bc2b-b5008ea00dad,cannabis.diy,premium,362.45,517.7,high,medium,8,spaceship,,,29/09/2026 06:36
a5da6f50-bdd8-416a-ab13-d8ca857c3392,lawn.diy,premium,1107,1107,high,low,4,namesilo,,,30/09/2026 02:21
de1b444a-2e68-45c4-9f26-9dc28f5e6002,chainlike.diy,available,4.98,51.98,medium,low,9,namecheap,,,11/08/2026 21:34
0203c2f8-f6ca-4fdb-9b6c-a2628be4d592,astrocyte.diy,available,5.49,39.99,medium,low,9,namesilo,,,20/09/2026 17:36
4d7b88cf-d619-4559-a4c1-de535c9a0ed8,saharan.diy,available,4.98,51.98,high,medium,7,namecheap,,,09/09/2026 20:49
38ddbc7b-99c0-4543-b98d-41482d095ba0,outwear.diy,available,4.98,51.98,medium,low,7,namecheap,,,13/09/2026 09:15
538aa1da-8f14-4925-8ef5-e9614ad65241,stupe.diy,premium,91,130,medium,low,5,namecheap,,,10/09/2026 23:06
7fb5029f-7f1c-4c74-b1d2-ffd660e0aa8a,ahimsa.diy,available,4.98,51.98,high,low,6,namecheap,,,17/09/2026 20:23
ae43a765-b199-4ea3-9dfd-d023364175df,paz.diy,premium,227.5,325,high,low,3,namecheap,,,25/09/2026 14:05
8973e59e-28c8-417d-a6c6-68265307c3d8,receptionist.diy,available,30.2,30.2,high,low,12,cloudflare,,,30/09/2026 12:16
dd790174-2985-4536-aa48-63ea84f55602,gleaming.diy,available,4.98,51.98,high,low,8,namecheap,,,
3cc56601-3ead-4602-9c94-2a46bd7d1cb7,oozy.diy,premium,227.5,325,medium,low,4,namecheap,,,04/09/2026 15:30
6166c220-6800-4a03-bca7-2f11f20ff395,elmer.diy,premium,,,medium,low,5,,,,29/09/2026 03:21
67fca5ff-c76e-4b84-b2df-a52e22364ef2,sheila.diy,available,5.49,39.99,high,low,6,namesilo,,,27/09/2026 17:05
bf7dd3fb-d738-4268-ad25-2fe962b64cbb,stylish.diy,available,4.98,51.98,high,low,7,namecheap,,,24/09/2026 17:15
36694bfd-7666-4fda-88cd-36c22b29e9a3,hamer.diy,available,4.35,31.25,high,low,5,spaceship,,,01/10/2026 07:09
9e40b970-2590-45f4-937b-3b9befa566ed,mining.diy,premium,362.45,517.7,high,low,6,spaceship,,,30/09/2026 04:33
3ff320ea-fb4e-4d23-92e3-8a1b63c79752,diarrhea.diy,available,30.2,30.2,medium,low,8,cloudflare,,,29/09/2026 18:38
206a439b-83e7-4428-a190-daecac18c7f6,wehrmacht.diy,available,4.35,31.25,medium,low,9,spaceship,,,28/09/2026 16:22
e22fd4ad-b88a-45f1-88c0-988137dc6458,tenfold.diy,available,4.98,51.98,high,low,7,namecheap,,,14/08/2026 01:44
c5897518-8aa2-4191-bd96-463c642a8004,nonlinear.diy,available,4.98,51.98,medium,low,9,namecheap,,,03/09/2026 19:44
a582591a-a819-4b5f-b39c-692e7fdd3765,translator.diy,available,30.2,30.2,high,low,10,cloudflare,,,28/09/2026 19:30
8e3125b8-9271-4b25-954a-ea6b9690f7e4,institute.diy,premium,116,116,high,low,9,namesilo,,,28/09/2026 06:02
4728a8aa-ecb6-4311-b183-0dc8a0789381,perverse.diy,available,4.98,51.98,medium,low,8,namecheap,,,14/08/2026 02:31
e5cf2a19-f83e-456a-bb1b-051b58dc336d,lallygag.diy,available,4.98,51.98,medium,low,8,namecheap,,,11/09/2026 08:33
94aa28e4-3e1d-46eb-b757-903d12671fe9,trim.diy,premium,218.75,312.5,high,low,4,name.com,,,12/08/2026 10:14
ea9fc4eb-2651-49d7-87fc-604f4254dd90,meals.diy,premium,116,116,high,low,5,namesilo,,,18/09/2026 16:02
871ee2bd-7906-4e28-b581-48402464b41b,indecent.diy,available,5.49,39.99,medium,low,8,namesilo,,,25/09/2026 09:06
041a12d1-a1ce-4926-838c-90e53f79e6e8,spike.diy,premium,455,650,high,low,5,namecheap,,,19/09/2026 15:31
a4d7b75d-221d-4a9a-ab50-f171ce385d89,chive.diy,premium,116,116,high,low,5,namesilo,,,18/09/2026 11:28
ff2deb5b-da60-4650-9b54-e0a0090af445,atheist.diy,available,5.49,39.99,medium,low,7,namesilo,,,22/09/2026 10:58
5eb1593d-7dfd-442e-8b7d-d207f9c76382,brilliant.diy,premium,640,640,high,low,9,namesilo,,,23/09/2026 02:12
975c89a2-57a1-4dcc-96c5-a593a9d67af5,arteries.diy,available,4.35,31.25,medium,low,8,spaceship,,,30/09/2026 06:28
4c1a1db9-6bb0-48b2-88d1-fa8c84c4e6ba,ima.diy,premium,724.7,1035.2,high,low,3,spaceship,,,30/09/2026 19:42
186480bd-914e-4a03-8c8d-feaecfeb8429,ungraded.diy,available,4.98,51.98,medium,low,8,namecheap,,,14/08/2026 09:06
f2bac0ad-4d24-4a1d-ac40-48ee5e242ccf,catastrophe.diy,available,5.49,39.99,medium,low,11,namesilo,,,28/09/2026 22:54
9f8539d0-2b8e-4365-b90f-e86c48eb96e0,taxable.diy,available,4.98,51.98,medium,low,7,namecheap,,,03/09/2026 19:07
f19a0b1c-742b-4538-b2ac-03ba3c8a7d7c,propranolol.diy,available,5.49,39.99,high,low,11,namesilo,,,20/09/2026 00:29
7408e955-3c79-4e7a-b41b-45a7d6ea283d,hostelry.diy,available,4.98,51.98,medium,low,8,namecheap,,,21/09/2026 02:26
9a136448-22f1-482c-a0d6-b12c9516131c,dhs.diy,premium,181.33,258.95,medium,low,3,spaceship,,,29/09/2026 09:25
e3a24fde-151d-4fc9-84b1-fbc727fba5a4,ssa.diy,premium,640,640,high,low,3,namesilo,,,29/09/2026 08:03
0ac1c226-9491-4381-b6d3-98951b1a1634,trish.diy,available,5.49,39.99,high,low,5,namesilo,,,02/10/2026 00:26
3d251e83-9e90-41f5-aa40-b7119fce5b1f,nope.diy,premium,181.33,258.95,high,low,4,spaceship,,,01/10/2026 22:27
432e9e17-8ac2-47e3-a693-dbd67ab683de,attacks.diy,available,4.98,51.98,medium,low,7,namecheap,,,27/09/2026 02:47
f9c5b25d-2417-4f4d-8eb4-a2dc0e14abe2,expansion.diy,premium,,,high,low,9,,,,28/09/2026 19:05
736dc8ba-779d-4817-8c00-6e501a90d4a8,opposed.diy,available,4.98,51.98,high,low,7,namecheap,,,04/09/2026 16:45
be8fe4dd-0ae9-45f3-b549-ea097ef22bc6,nolan.diy,available,5.49,39.99,high,low,5,namesilo,,,25/09/2026 15:37
c86635e9-5e4f-474a-8205-1dd86c37c196,influent.diy,available,4.98,51.98,high,low,8,namecheap,,,22/08/2026 04:36
ad96bf71-d54b-4d2a-b9fa-99892ecb88c3,bathroom.diy,premium,2660,2660,high,low,8,namesilo,,,27/09/2026 06:27
f55f2c64-acc1-4642-ae47-439279b72c2c,hasten.diy,available,4.98,51.98,medium,low,6,namecheap,,,09/09/2026 19:47
fe7d66c2-1bdc-4577-8634-252212b792fe,duration.diy,available,30.2,30.2,high,low,8,cloudflare,,,28/09/2026 19:00
91ff2ab5-3d41-428a-a2c8-a633f38e2748,nagging.diy,available,4.98,51.98,medium,low,7,namecheap,,,03/09/2026 12:41
1d301a2d-27ec-44c3-a39d-75b362d3949c,oneself.diy,available,5.49,39.99,high,low,7,namesilo,,,
155b1ced-d699-47e9-b656-2dbdf73b38c0,adirondack.diy,available,30.2,30.2,medium,low,10,cloudflare,,,28/09/2026 21:35
a1d03360-1a14-4c1f-9c86-b9074b4ea057,sash.diy,premium,181.33,258.95,high,low,4,spaceship,,,01/10/2026 01:27
68e6097f-7620-4304-b0d2-f1c30a4117f1,useable.diy,available,4.98,51.98,high,low,7,namecheap,,,12/09/2026 23:57
9d7330a1-aa1b-44cd-98e0-b8030277fe30,grosvenor.diy,premium,640,640,medium,low,9,namesilo,,,28/09/2026 16:43
1b33c10c-780d-43a6-9487-cd6994e0c799,agra.diy,premium,455,650,medium,low,4,namecheap,,,17/09/2026 19:09
c0ea5be4-17db-4600-a32f-99476777643d,luzon.diy,available,5.49,39.99,high,low,5,namesilo,,,27/09/2026 14:53
334ae7c6-3a9b-4b51-8eda-f4b2cd0c6b05,dita.diy,premium,640,640,medium,low,4,namesilo,,,18/09/2026 14:25
9bf668ca-37e4-4819-9b6d-e6cb9d2e0450,endoscopic.diy,available,4.98,51.98,medium,low,10,namecheap,,,17/08/2026 01:19
164bf899-651b-4c97-99de-d82151e78e4e,quadruple.diy,available,4.98,51.98,high,low,9,namecheap,,,18/08/2026 13:24
b5b1e4bc-56ed-4133-a8e9-cd68e96984f1,cognisance.diy,available,5.49,39.99,high,low,10,namesilo,,,21/09/2026 09:57
b496f4a2-3647-44f8-a7b2-89724c8fc100,boise.diy,premium,640,640,high,low,5,namesilo,,,30/09/2026 16:28
9f4c1bee-b4f3-43ff-a2f1-a321398115f2,hull.diy,premium,,,high,low,4,,,,28/09/2026 01:42
3c6a608b-4b8c-4135-93d4-16557cfe5607,sarcasm.diy,available,4.98,51.98,high,low,7,namecheap,,,24/09/2026 13:16
409bf7db-3bab-4702-bb85-512bc2dcffce,slept.diy,premium,87.5,,medium,low,5,name.com,,,
796d5162-ba3d-48fe-a1bb-6f4e9ddb55f4,campanile.diy,premium,640,640,high,medium,9,namesilo,,,23/09/2026 04:55
d4ec3835-4b5d-4d64-bcad-f15a12a512cb,getaways.diy,available,4.98,51.98,medium,low,8,namecheap,,,20/09/2026 18:37
ff3bf30e-9544-4bac-9422-a437bed8ea8d,eonian.diy,available,4.98,51.98,medium,low,6,namecheap,,,
2a9bf796-0a2f-4963-a5bb-4f27a12c2b34,bergen.diy,available,4.98,51.98,high,low,6,namecheap,,,23/09/2026 09:19
a9394e3f-87a1-4c0d-a2a6-aa79629097dc,residency.diy,available,4.35,31.25,high,low,9,spaceship,,,29/09/2026 07:59
5c74297e-c0d5-430b-9e81-d46aa04f1bf1,quizzical.diy,available,4.98,51.98,medium,low,9,namecheap,,,09/09/2026 08:39
172ef7bb-c38c-45f7-acdf-6f178a911273,drafty.diy,available,4.98,51.98,high,low,6,namecheap,,,14/08/2026 18:12
5756d231-1cf9-4b61-9ef3-2fd7ec47def9,ramble.diy,available,4.98,51.98,high,low,6,namecheap,,,10/09/2026 22:10
f7481bac-e3e8-4b79-86aa-e2d97ae28c4b,gods.diy,premium,218.75,,high,low,4,name.com,,,
7bfe7a31-e919-4e10-8189-be85d5df8104,bimonthly.diy,available,4.98,51.98,high,low,9,namecheap,,,09/08/2026 22:42
ee9e756f-c2a2-4862-a658-bc446f3de802,scrubby.diy,available,4.98,51.98,medium,low,7,namecheap,,,09/09/2026 23:39
6a0f302b-2894-416d-ae01-a8591de67783,reduction.diy,available,5.49,39.99,high,low,9,namesilo,,,29/09/2026 07:57
07ac8daf-4e09-4e21-b8c4-33895faa07df,row.diy,premium,1107,1107,high,low,3,namesilo,,,25/09/2026 05:05
04302387-d56f-4dab-87de-a07b9c383c6e,steal.diy,premium,87.5,,medium,low,5,name.com,,,29/09/2026 05:35
e4f711a5-9805-4cb7-afe6-ca2ef8b86c1e,berk.diy,premium,302.5,302.5,medium,low,4,namesilo,,,23/09/2026 09:31
5b21c76c-144f-4dd6-a4f8-27bb1ecca575,ellen.diy,available,5.49,39.99,high,low,5,namesilo,,,
7f5b7b67-20be-4adb-832c-5d2e15fa1111,keynote.diy,premium,550,550,high,low,7,dynadot,,,30/09/2026 17:48
ae0e884d-2fe4-4afe-bb7a-413382f94428,pile.diy,premium,218.75,312.5,high,low,4,name.com,,,25/08/2026 00:39
054b134d-56d5-46d7-bca5-2266d60a7c27,pnp.diy,premium,640,640,high,low,3,namesilo,,,01/10/2026 10:30
1fd4d997-d829-406e-b5b8-8e33a8e2f7db,abductor.diy,available,4.98,51.98,medium,low,8,namecheap,,,16/09/2026 14:54
8bab6855-134c-4540-ab06-f6eb07f41f3e,intensely.diy,available,4.98,51.98,high,low,9,namecheap,,,15/09/2026 08:54
f6cf57a6-a10e-4352-a3d6-b9bfe84ef1b9,aids.diy,premium,227.5,325,medium,low,4,namecheap,,,28/09/2026 17:52
d53ce235-7f5d-468d-bf76-e7d1daca7103,eristic.diy,available,4.98,51.98,medium,low,7,namecheap,,,17/08/2026 12:17
c10a32b5-41a4-47c9-8046-1f8490d4f5a8,mosul.diy,premium,,,medium,low,5,,,,29/09/2026 19:43
f4a45c2f-918e-4086-8d98-ff07fe1e9deb,harrison.diy,premium,455,650,high,low,8,namecheap,,,23/09/2026 08:20
b88b16f5-ede1-473b-b3fb-60d6f5d8c080,finch.diy,premium,640,640,high,low,5,namesilo,,,29/09/2026 06:55
d618ae88-203f-4c5c-8c81-f79fb677923e,latakia.diy,available,5.49,39.99,medium,low,7,namesilo,,,18/09/2026 01:28
ca4e1d5c-8c01-4437-a704-5cf1c90b3962,paige.diy,available,5.49,39.99,high,low,5,namesilo,,,27/09/2026 04:38
d3cb0b7f-1449-4b81-90c7-5aaff8429ffe,mouth.diy,premium,72.65,103.7,high,low,5,spaceship,,,28/09/2026 08:01
71dbc2ca-b608-4b89-a634-e510539a8f22,benzol.diy,available,4.98,51.98,high,low,6,namecheap,,,23/09/2026 08:53
91f3b36f-155e-4445-8773-617b47783e86,neotropical.diy,available,30.2,30.2,medium,low,11,cloudflare,,,01/10/2026 05:24
617a62fc-8a56-4e1b-870d-d58704f1654b,unnamed.diy,premium,455,650,medium,low,7,namecheap,,,03/09/2026 12:56
b7ba2bf7-b47b-450a-9098-1c0a5a147e3a,loosen.diy,available,5.49,39.99,high,low,6,namesilo,,,29/09/2026 20:44
383c75d3-55f8-4149-a095-63c0a41d9d54,bottled.diy,available,30.2,30.2,medium,low,7,cloudflare,,,29/09/2026 03:12
253ed881-8fd1-4c11-ac6f-429db1638c57,lit.diy,premium,1107,1107,high,medium,3,namesilo,,,25/09/2026 07:48
4b8b1629-d171-4ea0-beac-0c20ff73e4ac,organismal.diy,available,4.98,51.98,medium,low,10,namecheap,,,04/09/2026 17:47
d96ea41b-1487-459e-8326-5007e7f7c4c7,specialist.diy,available,4.63,31.41,high,low,10,porkbun,,,28/09/2026 02:23
ad7f3161-7f84-4a18-8cf6-78a762021068,fertilizer.diy,available,4.99,32.32,high,low,10,dynadot,,,29/09/2026 06:53
867b8db9-bded-4914-a48a-6fda2aab57de,rochelle.diy,available,4.35,31.25,medium,low,8,spaceship,,,28/09/2026 22:08
329a885a-4c42-42e6-b767-7e37aac27a74,least.diy,premium,116,116,high,low,5,namesilo,,,25/09/2026 13:24
28e1f5bd-5ef8-4cfe-a0df-a51f7edd97eb,provable.diy,available,4.98,51.98,high,low,8,namecheap,,,09/09/2026 04:24
cc17ec2d-1b54-4c20-9985-d2d6e29c2ae8,lakshmi.diy,available,5.49,39.99,medium,low,7,namesilo,,,30/09/2026 10:22
8a0df858-d2ad-4d95-896c-5d35b36821c6,sirach.diy,available,39.99,59.99,medium,low,6,name.com,,,23/09/2026 07:34
b9142691-3492-4265-9928-666521f37807,beany.diy,premium,91,130,medium,low,5,namecheap,,,22/09/2026 20:33
5163fe23-80b6-43b8-9a9e-786fc77687a8,handling.diy,available,5.49,39.99,high,low,8,namesilo,,,25/09/2026 23:04
8cb6a50c-40ba-4460-9ecb-1c0bc7738146,sommer.diy,available,30.2,30.2,high,low,6,cloudflare,,,29/09/2026 21:09
988c87d7-00db-4428-ab22-11876f7154a9,courtyards.diy,available,4.35,31.25,medium,low,10,spaceship,,,30/09/2026 16:18
17cc5f30-7218-4d1e-8344-f4663b3a9959,requisitions.diy,available,4.98,51.98,medium,low,12,namecheap,,,20/09/2026 14:26
b7b6d1cb-6db2-48eb-bb37-c41cc5279979,southwestern.diy,premium,1449.2,2070.2,medium,low,12,spaceship,,,01/10/2026 16:25
25073a3a-6038-44a3-9c92-fed10a914135,biter.diy,premium,116,116,medium,low,5,namesilo,,,23/09/2026 22:27
68591c0b-3f6c-463d-a314-83e46f8ef8f1,officer.diy,available,4.98,51.98,high,low,7,namecheap,,,25/09/2026 09:25
6e92597d-b285-43c1-a54a-d6d7112e9689,essayer.diy,available,5.49,39.99,medium,low,7,namesilo,,,21/09/2026 01:22
7961fb43-848d-46b1-9f5b-317ad76f7658,manky.diy,premium,87.5,125,medium,low,5,name.com,,,24/08/2026 15:12
b5d9ba76-eb61-41cc-8cc3-cce490d97bfd,biz.diy,premium,1107,1107,high,low,3,namesilo,,,23/09/2026 23:18
e186065a-08dc-4d2b-b090-ca73434d10b9,matchless.diy,available,4.98,51.98,high,low,9,namecheap,,,24/08/2026 17:00
5346392b-87af-453c-8af3-aa08f67b670a,ghanaian.diy,available,4.98,51.98,high,low,8,namecheap,,,18/08/2026 23:10
7131c6ad-452a-452e-9ce2-e59c0c900352,latish.diy,available,4.98,51.98,medium,low,6,namecheap,,,22/08/2026 20:43
c1d9bd8d-ee27-47c7-8117-af8fa47da087,rama.diy,premium,181.33,258.95,high,low,4,spaceship,,,27/09/2026 15:30
76e62f01-f13e-4bc8-910f-84bef149c816,carols.diy,available,4.98,51.98,medium,low,6,namecheap,,,17/09/2026 18:54
ffbf7d30-d437-4307-bc3b-d6cd1c9b3215,florentine.diy,available,4.98,51.98,high,low,10,namecheap,,,18/08/2026 08:58
4b045cfd-2837-4bd2-b32d-4f532f2fa0df,tumors.diy,available,30.2,30.2,low,low,6,cloudflare,,,30/09/2026 06:57
b1690fa7-e2da-44ec-98b9-311f1ebe89ff,dad.diy,premium,1107,1107,high,low,3,namesilo,,,27/09/2026 05:02
81078ec0-5037-474b-9359-40d821211c1f,alternatives.diy,available,4.98,51.98,medium,low,12,namecheap,,,19/09/2026 21:34
b326316a-9b16-420c-8831-141f925f01d5,style.diy,premium,455,650,high,low,5,namecheap,,,08/09/2026 07:22
fadcc665-32e5-470d-870a-133dae142611,lieutenants.diy,available,4.35,31.25,low,low,11,spaceship,,,01/10/2026 17:56
3b13749f-8d28-4357-9817-5c0b5bce244a,bandy.diy,available,4.98,51.98,medium,low,5,namecheap,,,08/08/2026 11:45
d481abd6-b154-46c6-b75e-fde6ef43e6d7,columbia.diy,premium,640,640,high,medium,8,namesilo,,,29/09/2026 06:57
3bbdb3fb-3fee-460b-b202-5322b0f2b1a4,psychologist.diy,available,5.49,39.99,high,low,12,namesilo,,,01/10/2026 00:51
d1080de6-6113-40ba-aa7c-b197b1bf2bcd,fogged.diy,available,4.98,51.98,medium,low,6,namecheap,,,18/08/2026 09:51
cc77e501-faf1-4f88-ac5f-de766169fb68,fung.diy,available,4.98,51.98,medium,low,4,namecheap,,,30/09/2026 12:28
ed9178e5-4ed5-4ec3-925d-53f8b36a6aba,chicness.diy,available,4.98,51.98,medium,low,8,namecheap,,,12/08/2026 04:44
5c8ee9f4-c0de-4aae-a2ba-ff64ab62f6d7,parishes.diy,available,5.49,39.99,medium,low,8,namesilo,,,18/09/2026 08:08
9b592c08-93d9-49f1-95da-48e3ad6cd8d5,someone.diy,available,4.98,51.98,high,low,7,namecheap,,,25/09/2026 09:13
86b37a74-d277-4d1c-990e-0260557b917c,attended.diy,available,4.98,51.98,medium,low,8,namecheap,,,22/09/2026 11:17
d8095aff-68b2-4b8e-99bf-ff03315e3432,scallion.diy,available,4.98,51.98,medium,low,8,namecheap,,,18/09/2026 11:26
1ac23119-8703-4281-b355-164aa4f951a7,wordsworth.diy,available,4.35,31.25,medium,low,10,spaceship,,,28/09/2026 15:34
d30ff12a-9d1f-4c0d-9645-e44bc83c3f7a,angostura.diy,available,5.49,39.99,medium,low,9,namesilo,,,19/09/2026 07:08
6c01b816-34e2-47fe-ae74-46c26b0559bd,alec.diy,premium,227.5,325,high,low,4,namecheap,,,28/09/2026 16:21
a1eb1c48-06f2-4ae6-90d2-6292618dd045,lingo.diy,premium,91,130,medium,low,5,namecheap,,,13/09/2026 04:12
a0061b4f-f78d-409d-bcdc-344e01f51ead,cpc.diy,premium,724.7,1035.2,high,low,3,spaceship,,,28/09/2026 16:33
f81c76ea-4e39-4fd4-8496-5dbf9eb3e1aa,moistness.diy,available,39.99,59.99,medium,low,9,name.com,,,13/08/2026 16:47
76107156-7eef-416c-95c6-94fcd0e432e2,clipped.diy,available,4.98,51.98,high,low,7,namecheap,,,12/08/2026 11:16
dbb7b929-aacf-4549-9231-ef831c0a542e,neat.diy,premium,302.5,302.5,high,low,4,namesilo,,,22/09/2026 16:59
7e641ee2-5fcb-466e-bd1e-703848ef873a,contagious.diy,available,4.98,51.98,high,low,10,namecheap,,,11/08/2026 21:18
2695d441-e3d7-4cf1-8a5e-6fc9fd028d15,goal.diy,premium,437.5,,high,low,4,name.com,,,29/09/2026 14:09
4d1d8455-5aa0-4436-95d6-942dba400bbf,cattle.diy,available,39.99,59.99,high,low,6,name.com,,,25/09/2026 01:59
b75aef9f-1c83-4e4f-a67f-cf92345d1c6e,gibe.diy,premium,302.5,302.5,medium,low,4,namesilo,,,22/09/2026 04:17
588788a5-bf2d-4414-aaae-851ed908589c,possess.diy,available,4.98,51.98,high,low,7,namecheap,,,26/09/2026 03:38
86225c9d-b4a2-41a8-a0e6-ce1dfd15343f,barriers.diy,available,4.35,31.25,medium,low,8,spaceship,,,30/09/2026 15:49
606ed70a-03b0-4d71-9d9d-d204a2453b23,ataraxis.diy,available,5.49,39.99,medium,low,8,namesilo,,,20/09/2026 19:42
f58c12b2-f726-4ae7-95b1-02f47ab0e68f,absinth.diy,available,5.49,39.99,medium,low,7,namesilo,,,16/09/2026 17:44
9ffc665e-ee6d-468d-a4ca-5ca5a9d5caf0,half.diy,premium,302.5,302.5,high,low,4,namesilo,,,27/09/2026 04:41
37d4f91e-d2a1-4f96-8fec-4353d8d1bf85,linden.diy,available,4.98,51.98,medium,low,6,namecheap,,,22/09/2026 12:37
911ea1a0-7a5b-4d45-a417-71942b07109f,connatural.diy,available,4.98,51.98,medium,low,10,namecheap,,,12/08/2026 22:18
6c83cea2-ca10-46ff-9f8b-70bd0abf5009,copies.diy,premium,1107,1107,medium,low,6,namesilo,,,27/09/2026 09:16
95de28a8-c4e0-482b-a557-6c43382ff43d,limits.diy,available,5.49,39.99,medium,low,6,namesilo,,,18/09/2026 15:06
81768b91-7c03-471e-b1cc-8a14b1cd81de,basilicata.diy,available,5.49,39.99,medium,low,10,namesilo,,,22/09/2026 10:50
a340f9d9-4aec-4037-a3f0-c10623ec0fc5,burping.diy,available,4.98,51.98,medium,low,7,namecheap,,,23/09/2026 04:38
82e2d20a-e8d0-4ec0-97d5-7689a29795db,anergy.diy,available,4.98,51.98,medium,low,6,namecheap,,,19/09/2026 05:29
5d7e1491-a1dd-4695-93cc-59d14b6e5ab4,lure.diy,premium,302.5,302.5,high,low,4,namesilo,,,21/09/2026 19:43
f9abe8a3-9a00-4016-9f42-4a20f55588d3,ramesh.diy,available,5.49,39.99,medium,low,6,namesilo,,,02/10/2026 00:05
74ad0f6f-6b8f-466f-8ca8-9e57e951b0ad,main.diy,premium,302.5,302.5,high,low,4,namesilo,,,23/09/2026 09:34
da2dbaf3-9913-45c9-a37f-8c3c207a7f26,achieving.diy,available,4.35,31.25,high,low,9,spaceship,,,30/09/2026 19:23
04e24a26-cb62-4e3f-ac71-0e43d17a290a,holyoke.diy,available,30.2,30.2,medium,low,7,cloudflare,,,28/09/2026 08:11
472be7fb-8295-4f5b-b2a7-501ecc591cf9,fishes.diy,available,5.49,39.99,medium,low,6,namesilo,,,17/09/2026 06:49
96057bd9-d1fd-4062-be93-e8ba5d98c841,epiphyte.diy,available,5.49,39.99,medium,low,8,namesilo,,,17/09/2026 13:14
eb7a5a1f-f251-4faa-8b6f-b1ce13f10a2e,combustive.diy,available,4.98,51.98,low,low,10,namecheap,,,12/08/2026 18:42
9fd7413b-e6b8-4c4c-aa89-d6edf6434c2c,undue.diy,premium,87.5,125,medium,low,5,name.com,,,17/08/2026 16:19
00232b48-ab94-4841-9ef5-28e0f26563eb,beograd.diy,available,5.49,39.99,high,low,7,namesilo,,,23/09/2026 05:12
fea4af2a-a574-4736-a108-9b1e5763022e,nasally.diy,available,4.98,51.98,medium,low,7,namecheap,,,15/09/2026 16:10
79610feb-fa51-4604-a026-1071aa83964b,harassing.diy,available,4.99,32.32,medium,low,9,dynadot,,,30/09/2026 12:18
4522b58a-6e6d-46ea-b41a-6dc8397ae85e,nobleman.diy,available,4.98,51.98,high,low,8,namecheap,,,03/09/2026 18:00
690b6c83-fcd3-47fa-986b-00225afee8e3,clubbish.diy,available,4.98,51.98,low,low,8,namecheap,,,12/08/2026 12:59
087aadeb-f13a-41dc-bd38-5464ac23af25,yunnan.diy,available,4.35,31.25,medium,low,6,spaceship,,,28/09/2026 06:53
6cfbcbab-c996-4531-a63c-b4a5b92dc00a,drastic.diy,available,4.98,51.98,high,low,7,namecheap,,,14/08/2026 18:27
88731e67-b879-4905-aaf8-6f004e148e01,inception.diy,premium,1107,1107,high,low,9,namesilo,,,29/09/2026 23:45
7b66c9ec-5b05-404d-8af9-8484df32d64d,appetizing.diy,available,4.98,51.98,high,low,10,namecheap,,,06/08/2026 06:45
bb749f4b-5ddc-4d1f-9509-7229f3f825d9,excess.diy,available,4.98,51.98,high,low,6,namecheap,,,17/08/2026 16:06
56ca5b60-6c83-4adf-b41d-c427b69b54e8,fans.diy,premium,218.75,312.5,high,low,4,name.com,,,25/09/2026 21:32
2da7b71a-5b11-4c6b-bf7d-0793bfb91339,frankenstein.diy,available,30.2,30.2,high,low,12,cloudflare,,,28/09/2026 21:01
b16c99cd-8744-4561-a239-1aa67c571d49,sterling.diy,premium,455,650,high,low,8,namecheap,,,10/09/2026 20:14
1d5823b6-48d8-4f12-8cad-581fc51818b8,dialysis.diy,available,5.49,39.99,high,low,8,namesilo,,,02/10/2026 04:35
802685fa-b162-431b-8b7b-3693e16c1e61,nah.diy,premium,550,550,high,low,3,dynadot,,,30/09/2026 11:32
f4ba53be-5901-4219-82fd-1d2128a22e8d,wonders.diy,available,5.49,39.99,high,low,7,namesilo,,,18/09/2026 02:01
24350a9a-f948-4d60-b07d-602b17aa4bb9,unwavering.diy,available,4.98,51.98,high,low,10,namecheap,,,18/08/2026 05:12
3f6d152b-7876-441a-a519-a16914ccad45,ger.diy,premium,724.7,1035.2,high,low,3,spaceship,,,01/10/2026 22:45
e2eaa0f9-a246-4d4f-afec-d3c547c18574,abyssinian.diy,available,4.98,51.98,high,low,10,namecheap,,,16/09/2026 19:54
eac99ff9-be57-4ff2-a82b-47a3b9a313ab,polluted.diy,available,4.98,51.98,medium,low,8,namecheap,,,08/09/2026 23:08
dc688517-58cf-4b66-82eb-b1bbf48cc2b0,backblast.diy,available,5.49,39.99,medium,low,9,namesilo,,,21/09/2026 14:26
6547e2c3-f034-49c7-b7a0-98b44bc075a5,tabriz.diy,premium,116,116,medium,low,6,namesilo,,,01/10/2026 04:00
f21ca674-16ff-4e35-9738-3e6b407d4100,contrite.diy,available,4.98,51.98,high,low,8,namecheap,,,12/08/2026 23:34
e8fb06f3-e48a-410f-8895-48df0f4e2397,corner.diy,premium,640,640,high,low,6,namesilo,,,29/09/2026 11:37
e970c40d-35a9-4bca-8fe5-5b2692573219,addled.diy,available,4.98,51.98,medium,low,6,namecheap,,,
c3fab54d-af89-410f-879b-af85de2ee0fa,allegoric.diy,available,4.98,51.98,medium,low,9,namecheap,,,
6f0e8c02-c9ba-44c7-ac5c-1864d873d6f9,loiter.diy,available,4.98,51.98,medium,low,6,namecheap,,,11/09/2026 08:23
b2f91a57-3a41-4611-9e02-caca8bca226d,acolyte.diy,available,5.49,39.99,medium,low,7,namesilo,,,17/09/2026 02:00
b57a8815-951a-4093-983e-a759ca978a23,decaying.diy,available,4.63,31.41,medium,low,8,porkbun,,,01/10/2026 06:00
6bec4b75-e321-4a4b-b5a9-352155c2d8cd,drafts.diy,premium,455,650,medium,low,6,namecheap,,,01/10/2026 18:07
b6b12ea8-31c5-4d43-a353-c52d39a2577e,sacrifice.diy,available,5.49,39.99,high,low,9,namesilo,,,25/09/2026 10:25
4bdf4c21-fc5b-427b-bf3a-7c83071912e0,monacan.diy,available,4.98,51.98,medium,low,7,namecheap,,,25/08/2026 04:01
44dcdf59-edc1-4160-85a8-0b95793885cd,disused.diy,available,4.98,51.98,medium,low,7,namecheap,,,14/08/2026 13:28
8b9521e5-e621-4fa3-a79f-e87168b9b171,nonsuch.diy,available,4.98,51.98,medium,low,7,namecheap,,,03/09/2026 20:15
b58d913e-3979-451e-96c7-210e5e142413,dexterous.diy,available,4.98,51.98,high,low,9,namecheap,,,13/08/2026 23:51
6a09e0d4-3cab-4da1-8f06-3f3f945fc32e,prohibited.diy,available,4.98,51.98,medium,low,10,namecheap,,,08/08/2026 13:48
8f5463fb-d9c1-4b38-baca-264615bec2f3,mockingly.diy,available,4.98,51.98,medium,low,9,namecheap,,,14/09/2026 12:02
157bfc48-3618-4999-a7c5-81c3b9966bab,sneakers.diy,available,4.63,31.41,high,low,8,porkbun,,,01/10/2026 16:47
72eb67e2-4e73-4835-98f1-fca4197df5a0,picky.diy,premium,87.5,125,high,low,5,name.com,,,18/08/2026 05:00
e49e0bb0-2d4d-4445-830b-6428524e0a33,unshaved.diy,available,4.98,51.98,medium,low,8,namecheap,,,12/09/2026 19:42
54c3a588-aad4-4c3b-a964-89d63173d025,aculea.diy,available,4.98,51.98,low,low,6,namecheap,,,17/09/2026 05:32
ab955832-52ad-4262-99d0-410e0fea6eb3,aspartame.diy,available,5.49,39.99,medium,low,9,namesilo,,,20/09/2026 14:43
6ca4d52b-dbb7-4ec9-8ef6-d98980743344,algin.diy,premium,116,116,medium,low,5,namesilo,,,18/09/2026 07:04
d0aead0f-2482-4cc6-a13e-fbf2d57fb81d,conga.diy,premium,116,116,high,low,5,namesilo,,,24/09/2026 17:17
2ef39a55-d079-4bd2-87ca-0748ef4c303d,horowitz.diy,available,4.35,31.25,medium,low,8,spaceship,,,28/09/2026 10:06
222318a6-79c9-4fb1-90ca-9f0f17da5db4,hampton.diy,premium,640,640,high,low,7,namesilo,,,25/09/2026 06:48
bc00fdc8-1cfc-42d4-8bbc-407e3032140a,steinberg.diy,available,30.2,30.2,medium,low,9,cloudflare,,,28/09/2026 10:52
a641b5cd-d21b-4ffc-ad17-cda4b8a7116f,unshared.diy,available,4.98,51.98,medium,low,8,namecheap,,,12/09/2026 19:38
cc500656-c355-4c2e-ac4a-55f93a0d08fe,pla.diy,premium,181.33,258.95,high,low,3,spaceship,,,27/09/2026 18:08
13109f10-134b-49aa-b303-08577e67b6cf,streamer.diy,available,4.98,51.98,high,low,8,namecheap,,,08/08/2026 13:57
419d4595-c86e-4e46-8f82-2001f4b342e3,lichfield.diy,available,30.2,30.2,medium,low,9,cloudflare,,,30/09/2026 12:48
33e04631-a2a1-4f20-956c-18b8fa367c5e,southbound.diy,available,4.98,51.98,high,medium,10,namecheap,,,10/09/2026 14:47
7435e3fd-7b62-4978-bab3-8fad12362765,midlife.diy,available,5.49,39.99,high,low,8,namesilo,,,
94e45cc0-fb92-4c3f-b500-24e597b330a4,abruzzi.diy,available,5.49,39.99,medium,low,7,namesilo,,,16/09/2026 17:28
4b8bfb7e-bd24-4ab5-950f-3af73c3367b0,jewelled.diy,available,4.98,51.98,medium,low,8,namecheap,,,18/08/2026 21:12
59efe7c4-9f46-42b2-94d5-2c005a5089c0,chapel.diy,available,5.49,39.99,high,low,6,namesilo,,,28/09/2026 01:39
13aa2a66-4ae9-42cd-9425-f153b1107d46,widen.diy,premium,91,130,high,low,5,namecheap,,,30/09/2026 19:38
bf6fe6ff-0931-4153-ba53-5b15a649aa41,bacterial.diy,available,39.99,59.99,high,low,9,name.com,,,22/09/2026 16:00
b58317ec-69c5-43f2-b021-ee4de3ed8c38,eustace.diy,available,4.99,32.32,medium,low,7,dynadot,,,29/09/2026 15:27
7928001e-8b8c-46c4-973c-a8f8e512097b,titanic.diy,available,4.98,51.98,high,low,7,namecheap,,,11/09/2026 16:30
6dcf46b7-60d0-4dfc-82d3-6d4f5e30a90b,creaseless.diy,available,4.98,51.98,medium,low,10,namecheap,,,13/08/2026 05:47
6543fd36-df0a-4847-9506-6bee7292b788,hovers.diy,premium,640,640,medium,low,6,namesilo,,,21/09/2026 10:26
5bf43ec5-d719-4bce-ad5d-4b6c5d7d6a5a,newest.diy,available,5.49,39.99,high,low,6,namesilo,,,18/09/2026 15:57
ddcdcd0f-b57e-41d4-92c3-7b0ecaae5886,depths.diy,available,5.49,39.99,medium,low,6,namesilo,,,28/09/2026 23:11
ec8ad181-901a-4127-944f-f0a4854ffdc5,academism.diy,available,4.98,51.98,medium,low,9,namecheap,,,16/09/2026 20:23
880fabca-e23c-429c-ae5b-8b86b75a0fab,barterer.diy,available,5.49,39.99,medium,low,8,namesilo,,,22/09/2026 08:58
c7c67773-b158-472d-bb34-c760f8c80d0a,vedanta.diy,available,4.35,31.25,high,low,7,spaceship,,,01/10/2026 04:06
80fefd80-7fe6-4a84-ba3e-305021dc3c36,bawl.diy,premium,302.5,302.5,medium,low,4,namesilo,,,23/09/2026 06:25
26719342-4bb3-44af-847c-4946e7a7c052,unlaced.diy,available,4.98,51.98,medium,low,7,namecheap,,,12/09/2026 14:37
816fd3ef-9a1e-4e94-9c20-428ff17126ce,marginal.diy,available,5.49,39.99,high,low,8,namesilo,,,23/09/2026 00:04
95d94d2e-5636-4ea4-813d-928c503bd431,austerlitz.diy,available,5.49,39.99,medium,low,10,namesilo,,,21/09/2026 04:41
6d0c981c-0397-4a19-9e82-75d722aa9414,willoughby.diy,available,4.35,31.25,high,low,10,spaceship,,,28/09/2026 00:32
7a2e34b9-f6ac-4e0a-aa95-014ebc3cb167,gareth.diy,available,4.35,31.25,high,low,6,spaceship,,,29/09/2026 21:28
6f0b20de-0a63-4b95-aea6-a916328d71ee,upton.diy,available,5.49,39.99,medium,low,5,namesilo,,,27/09/2026 11:29
f96be430-adfd-418e-a281-49fd4904a3ea,genitals.diy,available,5.49,39.99,high,low,8,namesilo,,,01/10/2026 19:44
ca69f83a-a186-4e56-b932-24a925a3d9ab,spicate.diy,available,4.98,51.98,high,medium,7,namecheap,,,10/09/2026 15:34
db45b49d-36db-4156-b741-98afd293b361,adventurer.diy,available,5.49,39.99,high,low,10,namesilo,,,17/09/2026 10:41
78959635-2c57-4af5-af54-b1dd97ff2145,fairly.diy,available,4.98,51.98,high,low,6,namecheap,,,24/09/2026 16:08
da44d9ca-67f2-4dab-82ab-0e467742872d,chivalrous.diy,available,4.98,51.98,high,low,10,namecheap,,,12/08/2026 06:14
223c2984-d806-4326-a303-d4c3308b63ef,unleaded.diy,available,4.98,51.98,high,low,8,namecheap,,,22/08/2026 21:46
b8f9ebc4-b535-4336-a550-04f19191a2b4,hafnium.diy,available,4.98,51.98,medium,low,7,namecheap,,,20/09/2026 23:42
ed167625-dc30-499d-8368-2e85ab529853,gnomic.diy,available,4.98,51.98,medium,low,6,namecheap,,,20/08/2026 15:44
21ba59a4-1e64-44b8-ace4-86027a213cc5,rapture.diy,available,4.35,31.25,high,low,7,spaceship,,,02/10/2026 04:40
6beaa7ec-d236-4020-9a2a-229790d93f7f,cashew.diy,available,4.98,51.98,high,low,6,namecheap,,,19/09/2026 01:00
ab6eab0f-2f00-4932-848f-1168ef1e0d07,vibration.diy,available,5.49,39.99,high,low,9,namesilo,,,19/09/2026 17:28
18c5176b-de62-4f07-ad76-aec5c0705fe0,sampson.diy,available,5.49,39.99,medium,low,7,namesilo,,,27/09/2026 01:42
1329bdb2-603a-49dc-80e3-72374d98c9c2,sleeves.diy,available,4.35,31.25,medium,low,7,spaceship,,,29/09/2026 10:37
e0de2a87-a7f2-4db8-b067-1c4d80fb5561,yorkshire.diy,available,4.35,31.25,high,low,9,spaceship,,,30/09/2026 03:11
5d593798-432a-4297-b7df-72c81a4ce0e5,arguing.diy,available,5.49,39.99,medium,low,7,namesilo,,,20/09/2026 04:50
94e51879-9044-46f1-a89c-f5369bed574e,figure.diy,available,5.49,39.99,high,low,6,namesilo,,,24/09/2026 16:50
19c902e1-b8e2-4aac-8d55-dcf672f5fe49,gather.diy,premium,455,650,high,medium,6,namecheap,,,23/09/2026 20:27
e64559b0-90d2-40e8-b28e-65981b1a36d3,tex.diy,premium,1107,1107,medium,low,3,namesilo,,,29/09/2026 03:26
883a764f-5c1d-4d6a-9d3a-ec38c2353f62,cxx.diy,premium,218.75,312.5,high,low,3,name.com,,,
fa309626-b244-49b6-a3ff-694bfe6523ff,angle.diy,premium,116,116,high,low,5,namesilo,,,25/09/2026 13:22
50505422-e7c9-46ad-9773-5ca6bb55f87c,inrush.diy,available,4.98,51.98,high,low,6,namecheap,,,22/08/2026 06:17
3c12271b-6872-4dd5-84eb-5b46f9ffa14d,crabwise.diy,available,4.98,51.98,medium,low,8,namecheap,,,13/08/2026 04:14
da55d118-ea8a-4f03-9cfb-7b8f2b98ae80,wanness.diy,available,4.98,51.98,medium,low,7,namecheap,,,17/09/2026 01:08
70213ad7-7943-4121-a297-9064693d149b,ringed.diy,available,4.98,51.98,high,low,6,namecheap,,,
773217d5-b152-4d25-9787-845a80a06cf6,cowell.diy,available,5.49,39.99,medium,low,6,namesilo,,,29/09/2026 22:25
57a63be8-43f8-453d-b634-18db826aa049,scanner.diy,available,4.99,32.32,high,low,7,dynadot,,,28/09/2026 18:57
e70fecb1-de94-4208-b518-d72e42f6dee2,duke.diy,premium,437.5,,high,medium,4,name.com,,,29/09/2026 17:06
668ba2e2-21dd-4ab5-b7e2-16dacc499fa7,place.diy,premium,1107,1107,high,low,5,namesilo,,,24/09/2026 23:57
f76f3da7-427a-4f94-bec4-2769008e62ba,byers.diy,available,30.2,30.2,medium,low,5,cloudflare,,,29/09/2026 09:57
e8764217-7128-4217-aa0c-2b1278ebfd66,cams.diy,premium,302.5,302.5,medium,low,4,namesilo,,,20/09/2026 11:30
11390f0d-b1e8-431f-8999-1cd78555d49e,rational.diy,available,4.98,51.98,high,low,8,namecheap,,,22/08/2026 07:50
dd74cb3e-d456-4b69-99b2-8c55014b53b0,heller.diy,available,4.98,51.98,medium,low,6,namecheap,,,28/09/2026 09:59
01377364-493e-4805-b2f6-74fa30e77f07,localised.diy,available,4.98,51.98,medium,low,9,namecheap,,,24/08/2026 08:47
58481af5-0167-4ee0-a450-afbc6e48207f,depict.diy,available,4.35,31.25,high,low,6,spaceship,,,30/09/2026 19:11
3a259a24-87d5-4b45-9ac8-a5bee3375db4,flu.diy,premium,1100,1100,high,low,3,dynadot,,,29/09/2026 19:35
12dbf89e-9912-4005-92dd-ab531bd148ef,spectrum.diy,premium,640,640,high,high,8,namesilo,,,29/09/2026 02:13
0da8b95b-91c5-4965-b2d5-cd71c82d2666,linelike.diy,available,4.98,51.98,medium,low,8,namecheap,,,23/08/2026 15:03
152ab10a-574b-4157-b482-a9408feb79cb,cafe.diy,premium,1107,1107,high,low,4,namesilo,,,19/09/2026 13:35
ee488221-6109-4c5d-ba9e-62b8bf349323,determined.diy,available,5.49,39.99,high,low,10,namesilo,,,24/09/2026 07:38
01bd679a-6f5c-4f3b-a1dc-bae915f88443,hanker.diy,available,4.98,51.98,medium,low,6,namecheap,,,24/08/2026 08:57
c2ee6f93-e6e5-4cd0-ba01-bf45a57039b9,conventions.diy,available,30.2,30.2,medium,low,11,cloudflare,,,29/09/2026 16:17
2692a77a-1997-47ca-bed3-bd638fdddfbe,stumps.diy,available,5.49,39.99,medium,low,6,namesilo,,,
79590421-d3f6-41a4-8652-fea2d94d2597,alexia.diy,available,5.49,39.99,medium,low,6,namesilo,,,18/09/2026 06:04
f7b9c33f-f33e-424a-a3be-d1eecf0c12f0,reborn.diy,available,4.98,51.98,high,low,6,namecheap,,,10/08/2026 20:11
ee262865-d420-4a34-9e09-b9279b2fc16f,washed.diy,available,4.98,51.98,high,low,6,namecheap,,,13/09/2026 08:31
803fa773-5dbd-4186-a9e3-02f495476329,hcl.diy,premium,1107,1107,medium,low,3,namesilo,,,29/09/2026 17:21
3db69799-6e35-49ed-a8b1-96b258d49075,circulate.diy,available,5.49,39.99,high,low,9,namesilo,,,01/10/2026 04:10
8d4b8569-ef79-49c1-96fe-504672512734,fragile.diy,available,4.98,51.98,high,low,7,namecheap,,,18/08/2026 13:57
f862abf7-5ea7-495b-8089-80a7c7a20450,icd.diy,premium,181.33,258.95,high,low,3,spaceship,,,01/10/2026 07:28
8f7cd026-82c6-4989-8aca-85c12d127739,authorship.diy,available,5.49,39.99,high,low,10,namesilo,,,21/09/2026 05:26
e51f29b1-6ef2-42d5-a4c4-28968540cfdb,dishonest.diy,available,4.98,51.98,medium,low,9,namecheap,,,11/08/2026 03:44
95d6cd97-7f0b-4348-a577-38fb11e4b36b,ragamuffin.diy,available,4.98,51.98,medium,low,10,namecheap,,,11/09/2026 09:09
9d77baf1-b378-423f-890f-b981a402b888,homosexual.diy,available,4.98,51.98,high,low,10,namecheap,,,18/08/2026 20:54
e858fa53-dcce-4a9f-add0-799a6acce98d,lite.diy,premium,437.5,625,high,low,4,name.com,,,11/08/2026 15:09
b4a54af6-1434-45ce-93c8-6704f74bb072,bewildered.diy,available,4.98,51.98,medium,low,10,namecheap,,,07/08/2026 11:52
e140427f-a52f-4c14-bff6-fd68647d5166,murky.diy,premium,87.5,125,medium,low,5,name.com,,,25/08/2026 01:08
d1442d76-bcad-4de8-9446-e5c177618d77,clayton.diy,available,5.49,39.99,medium,low,7,namesilo,,,25/09/2026 21:46
0471a2d7-4d15-4763-91ff-c0b4a634bf49,genoa.diy,premium,72.65,103.7,high,low,5,spaceship,,,30/09/2026 09:54
16111ac1-5b5d-426a-a896-c2eacd302070,compartment.diy,available,4.63,31.41,high,low,11,porkbun,,,28/09/2026 03:28
aaf93216-5151-4c0d-b542-316d7b0f943d,functional.diy,available,4.63,31.41,high,low,10,porkbun,,,01/10/2026 21:18
5c5794f0-8f88-4d59-92e7-e34f3ea9009e,wharf.diy,premium,72.65,103.7,high,low,5,spaceship,,,30/09/2026 06:43
f6120b8a-1eb5-4bc4-bc8a-b49b29a73dfe,dvorak.diy,available,4.98,51.98,medium,low,6,namecheap,,,19/09/2026 15:32
6a54f6b8-0e45-4a62-b065-f5f91c8171ee,pendleton.diy,premium,640,640,high,medium,9,namesilo,,,27/09/2026 08:11
2843a7fe-a206-4ade-b671-cad35c04a019,cortex.diy,premium,,,high,high,6,,,,30/09/2026 09:05
a872301d-2c30-4826-9b9c-d0550bf72724,grid.diy,premium,910,1300,high,medium,4,namecheap,,,24/09/2026 17:52
2b998c1b-aa7c-42df-81d9-db4524e2ea7d,tilled.diy,available,4.98,51.98,medium,low,6,namecheap,,,11/09/2026 15:57
9fa4eec2-ad4d-403e-a48f-b10b68145ed7,prying.diy,available,4.98,51.98,medium,low,6,namecheap,,,03/09/2026 21:52
545ad7a3-08bd-44a0-879d-6080b2617c7f,dresser.diy,available,5.49,39.99,high,low,7,namesilo,,,17/09/2026 05:17
83c84d6b-8691-41f0-b0be-7711a4f8ad38,monkish.diy,available,4.98,51.98,medium,low,7,namecheap,,,25/08/2026 04:53
b3a10126-10a3-4853-a6be-4c6475756c1d,landless.diy,available,4.98,51.98,medium,low,8,namecheap,,,22/08/2026 19:24
669ddd46-26ab-42f2-8fff-4183215ddc00,allophonic.diy,available,4.98,51.98,medium,low,10,namecheap,,,
96595a6f-5123-4e94-a723-2ee5256ec929,mickey.diy,premium,640,640,high,low,6,namesilo,,,25/09/2026 09:22
5fc62c7b-31da-491e-baa8-c935a1ad023f,highness.diy,available,4.98,51.98,high,low,8,namecheap,,,28/09/2026 14:27
4e1e2d46-3bbd-4b79-b11b-02b28b695bc1,dumbstruck.diy,available,4.98,51.98,medium,low,10,namecheap,,,14/08/2026 21:06
a55f278a-f8f2-4a02-ba78-d78c82bd7bb2,beatable.diy,available,4.98,51.98,medium,low,8,namecheap,,,09/08/2026 05:37
ffa2931d-94e7-4400-9c0f-d85a8e6fc65f,shrubby.diy,available,4.98,51.98,medium,low,7,namecheap,,,18/08/2026 17:15
882c44c3-5ae8-4568-8eb4-3c9a7e62fa7d,emblems.diy,available,30.2,30.2,medium,low,7,cloudflare,,,28/09/2026 18:24
aa88a012-e7f8-43e3-8805-4a4d3de29023,cosmetic.diy,available,5.49,39.99,high,low,8,namesilo,,,24/09/2026 00:13
9c62df7a-9d34-4c86-ba91-bf4b7899d28a,bitterroot.diy,available,5.49,39.99,medium,low,10,namesilo,,,23/09/2026 23:08
6f0f6184-48c5-4482-9006-6b308b67cbea,graph.diy,premium,437.5,,high,low,5,name.com,,,29/09/2026 21:30
80ccd7cb-df7c-48c0-abc6-773be8845ee2,wolfe.diy,available,5.49,39.99,high,low,5,namesilo,,,25/09/2026 10:55
b15387bc-710f-40d9-ad49-8a24b7846d5e,daring.diy,available,4.98,51.98,high,low,6,namecheap,,,07/08/2026 21:39
d7af7548-a5d3-4fcf-8ee0-20f9a6bc1a1b,himself.diy,available,4.98,51.98,medium,low,7,namecheap,,,01/10/2026 11:26
07f9a6a5-0a5e-4a45-bd55-fdb8925c9db7,assessment.diy,available,5.49,39.99,high,low,10,namesilo,,,01/10/2026 16:34
a3918bd7-a99a-40d6-8cc4-8f4ee7920f1e,unmediated.diy,available,4.98,51.98,medium,low,10,namecheap,,,12/09/2026 15:32
f9d7c089-7c99-4531-acad-f28f539c5a30,sheepish.diy,available,4.98,51.98,high,medium,8,namecheap,,,10/09/2026 06:19
ac8e8585-ce0c-45d0-9942-5999eefa7449,surprise.diy,premium,455,650,high,low,8,namecheap,,,30/09/2026 12:35
8ca12a0f-16f2-42fd-b76d-a56fd7d2f332,intune.diy,available,5.49,39.99,high,low,7,namesilo,,,17/09/2026 12:54
bddc5911-95e4-43a3-9852-dfa36b4556c6,anzio.diy,available,5.49,39.99,medium,low,5,namesilo,,,19/09/2026 16:01
bf178c36-0c2b-41a2-92c9-7b5c93afbad6,astronauts.diy,available,4.35,31.25,medium,low,10,spaceship,,,30/09/2026 00:30
aefdb99b-ee45-4e29-a277-864ec73fbe37,genetically.diy,available,4.35,31.25,medium,low,11,spaceship,,,28/09/2026 21:22
52ffe53c-a3fd-47ed-80cf-84ab724006c2,unbalanced.diy,available,4.98,51.98,medium,low,10,namecheap,,,11/08/2026 01:50
d5a7f7e3-75bb-4dbd-a17d-40c1da298b5c,yur.diy,premium,181.33,258.95,high,low,3,spaceship,,,02/10/2026 04:53
84d422a9-7e57-4a4e-a8eb-ab4c0a766ca4,beebread.diy,available,5.49,39.99,medium,low,8,namesilo,,,18/09/2026 17:24
d67ce8fe-6e15-4aae-bfec-1c7b9d1454fc,sensed.diy,available,4.98,51.98,high,low,6,namecheap,,,08/09/2026 16:07
4a37dbf6-8476-4756-9779-871c4a74b895,exposition.diy,available,4.35,31.25,high,low,10,spaceship,,,29/09/2026 18:50
ef3ae2cc-c048-4f27-b2f5-b3e486883615,juliana.diy,available,4.98,51.98,medium,low,7,namecheap,,,29/09/2026 09:40
958cda65-f0da-4652-aa3c-2879af2653ee,fifty.diy,premium,87.5,125,high,low,5,name.com,,,
13e65a5e-60ca-44e6-b9d6-a5bb4e23ece8,ordained.diy,available,4.98,51.98,medium,low,8,namecheap,,,13/08/2026 22:16
296afaeb-3698-4e14-8afd-cf0af87e7b00,fuller.diy,premium,362.45,517.7,high,low,6,spaceship,,,29/09/2026 11:47
00536aa7-028d-42bc-9169-d39d95d2c21c,crowing.diy,available,4.98,51.98,medium,low,7,namecheap,,,10/08/2026 16:37
adaaeebc-c741-47e5-bec4-424d63446af8,arbor.diy,premium,116,116,high,low,5,namesilo,,,20/09/2026 00:48
738b1cc7-4159-4eff-a94f-67530d79f4ea,killers.diy,available,5.49,39.99,medium,low,7,namesilo,,,27/09/2026 11:04
0ade42a1-8f90-4a8e-8a59-fda2a90f8acb,penultima.diy,available,4.98,51.98,medium,low,9,namecheap,,,08/09/2026 15:14
74f8b3f2-7128-4b25-88b2-172e2262955e,barb.diy,premium,302.5,302.5,high,low,4,namesilo,,,22/09/2026 04:14
d72aa5e4-6b51-4e1a-9e8b-6c8b8c3c813c,maury.diy,available,30.2,30.2,medium,low,5,cloudflare,,,29/09/2026 03:39
e0412572-dbcb-4f35-a877-1d7f8e2c1175,confirmed.diy,available,4.98,51.98,high,low,9,namecheap,,,23/09/2026 19:53
e0583399-38e3-4f17-9f68-d05298b5c73a,uncensored.diy,available,4.98,51.98,medium,low,10,namecheap,,,12/09/2026 04:53
0c7b7c15-d991-4cf8-a83f-0366554369c1,segregation.diy,available,5.49,39.99,medium,low,11,namesilo,,,16/09/2026 23:21
996b6c52-2acb-4105-9955-82cdff335be9,natalie.diy,available,5.49,39.99,high,low,7,namesilo,,,25/09/2026 14:26
a0e06b1c-9085-4fee-a18f-e6671f973c79,pronounce.diy,available,4.98,51.98,high,low,9,namecheap,,,30/09/2026 19:07
94a3e59d-7d6b-4601-a214-e40275198b2c,blixen.diy,available,5.49,39.99,medium,low,6,namesilo,,,22/09/2026 07:24
539c2c63-9d3a-4a1b-9d48-95cdf8ccf3e7,poisoned.diy,available,5.49,39.99,medium,low,8,namesilo,,,27/09/2026 17:38
84fcf614-81ff-45e9-80c8-fd4b7ed9a794,plier.diy,premium,72.65,103.7,medium,low,5,spaceship,,,30/09/2026 07:03
39d43e83-2ebf-4a6b-8287-263c4249a522,annam.diy,premium,116,116,medium,low,5,namesilo,,,19/09/2026 10:09
40b570eb-36ea-494b-afca-112ed4533102,steadied.diy,available,4.98,51.98,medium,low,8,namecheap,,,10/09/2026 19:30
ea8a929a-9133-4e60-934c-e94ba4bf865e,pharma.diy,available,4.35,31.25,high,low,6,spaceship,,,02/10/2026 04:38
9c5a8b10-70c4-4b0e-a6db-56028ec5418e,puffed.diy,available,4.98,51.98,high,low,6,namecheap,,,09/09/2026 05:37
e7642d9b-2319-4167-bb3b-418bf7908c97,blowy.diy,premium,87.5,125,medium,low,5,name.com,,,10/08/2026 15:47
c219e28b-83e4-4762-a882-4fdf37721f82,errorless.diy,available,4.98,51.98,high,low,9,namecheap,,,17/08/2026 13:01
c5f3f1ff-1654-44d2-84cf-fb8e59578f7a,jumped.diy,available,5.49,39.99,medium,low,6,namesilo,,,25/09/2026 19:41
997eb4bf-83c5-450f-a5f4-e5bba2676669,beck.diy,premium,302.5,302.5,high,low,4,namesilo,,,22/09/2026 22:35
f71ed65b-1e44-4c99-831f-fb6a3dbf5c58,prance.diy,available,4.98,51.98,high,low,6,namecheap,,,11/09/2026 05:09
1e4e6105-ae40-42de-bf6d-8576944c55e9,trauma.diy,premium,1107,1107,high,low,6,namesilo,,,25/09/2026 07:04
1ddf5b12-0221-483c-a6d1-c67443ad00eb,faint.diy,premium,87.5,125,high,low,5,name.com,,,17/08/2026 21:01
d51090b7-7c40-4d11-9be0-4a8fea803802,premises.diy,available,4.98,51.98,high,low,8,namecheap,,,28/09/2026 15:06
b0712115-6e1c-4819-aa1d-b44112a66eae,null.diy,premium,227.5,325,high,medium,4,namecheap,,,03/09/2026 22:27
0d1d2a01-b0a0-4ab5-89f7-5c9377b22076,legitimize.diy,available,4.98,51.98,high,low,10,namecheap,,,04/09/2026 05:07
3d286ffe-bb31-44b1-ba83-f8379d48070a,erosion.diy,available,4.98,51.98,high,low,7,namecheap,,,13/09/2026 09:06
9a224d74-f9fd-4647-821d-524db31544a7,boxy.diy,premium,218.75,312.5,medium,low,4,name.com,,,10/08/2026 23:58
b6173e6f-a423-4ea0-b38c-e464a3d4a65a,august.diy,available,4.98,51.98,high,low,6,namecheap,,,22/09/2026 12:44
cfd29f87-224e-43a8-bea4-e7f96b920f85,abyla.diy,available,5.49,39.99,medium,low,5,namesilo,,,16/09/2026 15:53
430e6f0e-dae0-4678-96ee-96c7eeb4836d,stores.diy,premium,550,550,high,low,6,dynadot,,,29/09/2026 20:02
1c99f1a7-b524-4b70-b9ba-1e59d8b38d6e,debauched.diy,available,39.99,59.99,medium,low,9,name.com,,,13/08/2026 20:14
6620001c-849c-457c-a04d-2be9860cc6a2,listeners.diy,available,5.49,39.99,medium,low,9,namesilo,,,29/09/2026 17:43
5904440c-5a2f-4375-8065-afde8eeeb090,condor.diy,premium,640,640,high,low,6,namesilo,,,24/09/2026 17:10
9220e17e-232f-4712-a554-133673db05d5,elders.diy,available,4.99,32.32,medium,low,6,dynadot,,,28/09/2026 08:45
fa4d989c-5dc2-4872-ae58-da27495792df,clinch.diy,available,5.49,39.99,high,low,6,namesilo,,,02/10/2026 04:22
3e96d342-efdd-45eb-ad23-d77754f9f4b8,worshipful.diy,available,4.98,51.98,high,low,10,namecheap,,,
a0e721c8-1b6c-4cfc-8947-1645014920ad,documentary.diy,available,30.2,30.2,high,low,11,cloudflare,,,28/09/2026 04:30
0eedd747-7a8e-482b-87d1-e8b089830589,degrees.diy,available,5.49,39.99,medium,low,7,namesilo,,,25/09/2026 17:04
987af4ca-79f9-4a9c-b6c2-ce12108ec8c3,jeffreys.diy,available,5.49,39.99,medium,low,8,namesilo,,,02/10/2026 01:14
88219342-3f9f-470c-b9ce-b5970b5bf74b,bellini.diy,available,5.49,39.99,high,low,7,namesilo,,,23/09/2026 06:15
637a691a-575f-48ce-bd02-d02602896c9e,euro.diy,premium,,,high,low,4,,,,30/09/2026 17:14
65db73e5-6146-40e9-8dc0-13939a7e5a95,blasted.diy,available,4.98,51.98,medium,low,7,namecheap,,,10/08/2026 12:35
6aa5c56f-61dc-4a4e-b5f5-851b817036b4,filetypes.diy,available,5.49,39.99,low,low,9,namesilo,,,20/09/2026 01:57
5fb393c7-b63e-4bd4-b545-71d57efaf697,birken.diy,available,4.98,51.98,medium,low,6,namecheap,,,10/08/2026 06:03
ced657e4-3f2e-46c4-9b1a-1611f2bfa426,ugly.diy,premium,302.5,302.5,high,low,4,namesilo,,,24/09/2026 06:45
dcc7ee25-e89d-4bfb-9918-acb7e6f45269,coats.diy,available,5.49,39.99,high,low,5,namesilo,,,17/09/2026 00:23
dd4bd699-f471-4daa-80ec-794433efdcdf,sake.diy,premium,302.5,302.5,high,low,4,namesilo,,,27/09/2026 05:08
19b09367-386e-4349-98e7-9aad17d07154,aardwolf.diy,available,5.49,39.99,medium,low,8,namesilo,,,19/09/2026 15:52
7fada128-67d9-4a18-9db3-c3814d863cb4,dsl.diy,premium,191.57,273.44,high,low,3,porkbun,,,01/10/2026 01:45
1c39bce1-7894-4e43-a54f-16ddb05baaf6,bigfoot.diy,premium,640,640,high,low,7,namesilo,,,23/09/2026 15:06
270b8f73-1e1e-4f9a-bcd5-ba9dae1738ab,tragedies.diy,available,30.2,30.2,low,low,9,cloudflare,,,02/10/2026 03:44
2c7c0a5b-2407-43d0-b41e-130eef1762a0,clerk.diy,premium,87.5,,high,low,5,name.com,,,29/09/2026 10:01
c0825a1f-51e6-45eb-ada3-b38abb2c622c,arousal.diy,available,4.98,51.98,high,medium,7,namecheap,,,09/09/2026 19:07
1f855138-a1c0-4a34-a76f-1c9c4cb1aba2,inflation.diy,available,4.35,31.25,high,low,9,spaceship,,,29/09/2026 07:21
dc91a093-748a-4360-bcde-4bffc90340c5,vojvodina.diy,available,4.99,32.32,medium,low,9,dynadot,,,01/10/2026 23:46
348af69b-149f-4b81-a2cd-8caec2522b40,ring.diy,premium,1449.2,2070.2,high,low,4,spaceship,,,28/09/2026 21:16
2a48ae34-3263-4c2f-9801-009b6843f4f6,gang.diy,premium,1107,1107,high,low,4,namesilo,,,29/09/2026 20:39
457149fa-d1e0-4e74-9817-806f1d298a8e,ballard.diy,available,4.35,31.25,high,low,7,spaceship,,,29/09/2026 22:22
a83e857a-b754-4c5f-a674-26129a449a2b,blastocyst.diy,available,4.98,51.98,medium,low,10,namecheap,,,24/09/2026 04:28
e3cdcda7-3be7-439c-af3a-e32fee6eab3b,fanlike.diy,available,4.98,51.98,medium,low,7,namecheap,,,17/08/2026 22:07
b170ab50-3fd8-4e1d-86e9-8b15f14af6f8,ampulla.diy,available,5.49,39.99,medium,low,7,namesilo,,,18/09/2026 23:51
c000bac8-059b-4462-ac47-b37fc4046169,sophistication.diy,available,5.49,39.99,high,low,14,namesilo,,,
980a50a5-00c3-45f2-83ae-3d62270c62d8,pigboat.diy,available,4.98,51.98,medium,low,7,namecheap,,,11/09/2026 00:21
78681308-69a7-47c1-82bf-f69333780615,donnie.diy,available,5.49,39.99,medium,low,6,namesilo,,,30/09/2026 13:12
93a5972a-ea5b-455b-b7b9-61133dd298e7,munition.diy,available,4.98,51.98,medium,low,8,namecheap,,,20/09/2026 07:44
d6395c01-f328-402c-a9e9-c373e2e639a6,elbert.diy,available,4.99,32.32,medium,low,6,dynadot,,,30/09/2026 05:08
7d84d0fe-11fc-4260-9379-2b39b3bfc48e,cristobal.diy,available,4.35,31.25,medium,low,9,spaceship,,,30/09/2026 20:55
6d94e28d-2c56-4024-acef-db44a440ea55,squire.diy,available,5.49,39.99,high,low,6,namesilo,,,29/09/2026 08:07
ab86ee7e-d08e-49ff-984f-be270037fd48,daryl.diy,available,4.35,31.25,medium,low,5,spaceship,,,29/09/2026 04:03
7fbb9e0e-dcc8-494c-acde-547dc05a564f,collectors.diy,available,4.35,31.25,high,low,10,spaceship,,,29/09/2026 17:58
aa0980fb-9609-4043-9f9c-7562dc37f96b,christiana.diy,available,5.49,39.99,medium,low,10,namesilo,,,01/10/2026 00:03
2081b316-071e-4e19-8d87-b03c084babbd,seville.diy,premium,72.65,103.7,medium,low,7,spaceship,,,30/09/2026 18:37
006923f6-b335-40e6-9465-6adce2440bd6,numerable.diy,available,4.98,51.98,medium,low,9,namecheap,,,13/08/2026 03:32
38072946-f592-4993-8192-17c9d468c094,abscessed.diy,available,4.98,51.98,medium,low,9,namecheap,,,
2f1d4004-90e6-4a3b-b99e-acb2df68b9bf,deist.diy,premium,87.5,125,medium,low,5,name.com,,,14/08/2026 00:15
26963720-44f9-4629-8438-f5f79ac32102,obedient.diy,available,4.98,51.98,high,low,8,namecheap,,,03/09/2026 23:30
0019a138-9d53-4147-8828-2b0b2c382e97,algometric.diy,available,4.98,51.98,medium,low,10,namecheap,,,
6d6ff351-eb8c-4657-92d4-1c881a6c9855,gloved.diy,available,4.98,51.98,medium,low,6,namecheap,,,20/08/2026 14:52
c1155784-845c-473b-b821-ff78edf070b7,defendable.diy,available,4.98,51.98,high,low,10,namecheap,,,13/08/2026 23:09
d6cccb09-37a1-481c-968a-f571499c5563,manure.diy,available,4.35,31.25,high,low,6,spaceship,,,30/09/2026 10:32
5660022a-2be8-4936-ad68-0f117b04a9be,demoted.diy,available,5.49,39.99,low,low,7,namesilo,,,21/09/2026 05:02
47e1e265-d788-49b0-9610-0479d5545210,squint.diy,available,4.98,51.98,medium,low,6,namecheap,,,07/08/2026 03:15
7cea3102-d485-4fcc-a284-f1892b243fdf,intellect.diy,available,5.49,39.99,high,low,9,namesilo,,,28/09/2026 07:56
ec8ed7e4-41a5-48f3-8934-d2f7d36e2eb9,bloodline.diy,available,4.98,51.98,high,low,9,namecheap,,,08/09/2026 13:11
bf83bfc0-4699-4c16-a92e-4b8aa3a72bcc,gromyko.diy,available,5.49,39.99,medium,low,7,namesilo,,,19/09/2026 04:28
f9989a90-1b0f-4cf1-b148-6189c1436a1b,levin.diy,available,4.35,31.25,high,low,5,spaceship,,,01/10/2026 15:17
03f94527-43aa-4386-abf0-6b2bf3a3f6da,distinctly.diy,available,4.98,51.98,high,low,10,namecheap,,,14/09/2026 13:19
27fff591-43b1-43f7-88cc-a913f8fea587,aguirre.diy,available,30.2,30.2,high,low,7,cloudflare,,,30/09/2026 05:28
e61a93e5-0375-4f37-81d8-6c6083dc554d,bits.diy,premium,302.5,302.5,high,low,4,namesilo,,,24/09/2026 08:27
7c2a56e3-52eb-4a70-b333-204133f5893b,stoutness.diy,available,4.98,51.98,medium,low,9,namecheap,,,04/09/2026 22:03
7357317e-e2e5-458f-80a9-12431f49392e,provoke.diy,available,4.35,31.25,high,low,7,spaceship,,,29/09/2026 22:15
bc6c1454-4c6f-4043-9bdb-bd306ffa06e7,wilhelm.diy,available,4.98,51.98,high,low,7,namecheap,,,25/09/2026 18:53
14ba9446-e676-4ce9-aace-11b7555822f0,branson.diy,premium,1528.85,2183.84,high,low,7,porkbun,,,29/09/2026 17:54
885b6d8c-7581-48bd-a3d3-5de374627151,reliever.diy,available,5.49,39.99,high,low,8,namesilo,,,18/09/2026 10:02
b9f6e192-8fcc-44cd-9c01-e07ceb2348bd,hepatitis.diy,available,4.35,31.25,high,low,9,spaceship,,,29/09/2026 19:09
57855042-00d5-4305-9bd8-cc41870f1fdb,quantico.diy,available,4.35,31.25,medium,low,8,spaceship,,,01/10/2026 11:25
00fe2c16-70b0-4a37-889d-6f9c848165e2,vagus.diy,premium,91,130,medium,low,5,namecheap,,,08/09/2026 22:09
7f789ed9-560c-4b2a-be9f-fc5014b23640,indonesian.diy,premium,1750,2500,high,low,10,name.com,,,22/08/2026 03:20
eb5f8e0b-866b-4231-9ae7-cc17efcaaeb1,andersen.diy,available,5.49,39.99,high,low,8,namesilo,,,19/09/2026 04:01
59078fdb-cef2-4451-a10a-815e3e3b795e,supporter.diy,available,5.49,39.99,high,low,9,namesilo,,,22/09/2026 10:07
097a434f-2368-4ab5-b0f5-4c09adec59d6,tatty.diy,premium,87.5,125,medium,low,5,name.com,,,18/08/2026 06:42
2786f8cb-2209-4cca-bae9-6423dbbce328,sacculated.diy,available,4.98,51.98,high,medium,10,namecheap,,,09/09/2026 20:36
d177244f-612f-464b-b73f-6e4b3b36b7c6,sherwood.diy,premium,640,640,high,low,8,namesilo,,,25/09/2026 10:26
ae7fbeb2-5f05-4c88-8a47-973436f05611,yuma.diy,premium,91,130,high,low,4,namecheap,,,28/09/2026 11:07
d6bd38c1-7ef7-4652-bff1-81d3b52935ef,sixfold.diy,available,4.98,51.98,medium,low,7,namecheap,,,10/09/2026 05:21
c20dc200-1879-4386-b4e4-422241d4bb8b,abbie.diy,available,5.49,39.99,high,low,5,namesilo,,,02/10/2026 00:07
09751e1b-a301-420f-a112-717689feb76d,absalom.diy,available,4.35,31.25,medium,low,7,spaceship,,,01/10/2026 23:58
4552959b-deb0-422a-a17f-2d9a08e46918,siblings.diy,available,5.49,39.99,medium,low,8,namesilo,,,29/09/2026 10:27
6688013f-d019-4667-9d2e-751892c5435c,apothecium.diy,available,5.49,39.99,medium,low,10,namesilo,,,19/09/2026 19:43
77f6337c-a0dd-4cdd-b1fa-a1aa749f7ef9,different.diy,available,5.49,39.99,high,low,9,namesilo,,,24/09/2026 08:12
d60e91dc-3324-45d7-8e19-b4aeff8cc828,corona.diy,premium,550,550,high,medium,6,dynadot,,,28/09/2026 23:19
31f07363-5bb8-4260-be44-bdd5ebffbf3c,billing.diy,available,4.99,32.32,high,low,7,dynadot,,,30/09/2026 16:32
6fd20e0a-007a-4a25-92fb-468681656253,thallus.diy,available,30.2,30.2,medium,low,7,cloudflare,,,30/09/2026 18:57
2ab2a51b-cc05-4dd3-b39f-a18130396592,till.diy,premium,227.5,325,high,low,4,namecheap,,,28/09/2026 05:18
04f96513-02c7-41b7-81c4-4f906fd5c894,rationalism.diy,available,4.35,31.25,high,low,11,spaceship,,,30/09/2026 05:54
cdb2ebd2-52f1-4088-88a2-ee436282d202,drank.diy,premium,72.65,103.7,high,low,5,spaceship,,,28/09/2026 08:20
57ce94be-d032-4b9a-b89c-94d05e11cca2,benefactor.diy,available,5.49,39.99,high,low,10,namesilo,,,23/09/2026 07:53
80661c2c-254b-4dc1-b8b0-a94a49a0ee2f,fairs.diy,premium,87.5,,high,low,5,name.com,,,
c07e541f-27b8-41d8-93de-f50c376f83d5,powerfully.diy,available,4.98,51.98,high,low,10,namecheap,,,15/09/2026 21:10
379405e4-5521-431e-a954-dfc0a3228b03,din.diy,premium,875,1250,medium,low,3,name.com,,,10/08/2026 13:17
377df38e-33ad-4e2a-adb1-421e90163e5e,ransacked.diy,available,4.98,51.98,medium,low,9,namecheap,,,24/08/2026 09:49
4749c759-7ef4-4f40-857f-c46c0bd8a278,fulbright.diy,available,5.49,39.99,high,low,9,namesilo,,,27/09/2026 04:04
d7c8a318-9eba-4513-b08a-b15b7bde8f09,sibley.diy,available,4.35,31.25,medium,low,6,spaceship,,,28/09/2026 22:18
042378bf-b7d4-4d43-b76d-2c2f8aefbda2,bevel.diy,premium,116,116,medium,low,5,namesilo,,,23/09/2026 11:58
59463f05-3e26-43e0-89ef-d5cf3f86b082,lithium.diy,available,4.98,51.98,high,low,7,namecheap,,,23/08/2026 00:43
c4562dc0-8f2a-4fd8-a97d-519605450e30,everlasting.diy,available,4.35,31.25,high,low,11,spaceship,,,29/09/2026 08:43
d70400d7-fc3f-42cf-89bc-49d39a9f701e,minutes.diy,available,30.2,30.2,high,low,7,cloudflare,,,30/09/2026 04:36
38f1efec-86e5-4fa7-84ee-8969db592f64,humanist.diy,available,4.98,51.98,high,low,8,namecheap,,,21/08/2026 14:50
735cc81c-cad1-4f98-b3cd-9e1b46a680ec,righteous.diy,available,5.49,39.99,high,low,9,namesilo,,,27/09/2026 15:12
33bec140-fe32-4ff9-b716-f6f45a94ae05,tipple.diy,available,5.49,39.99,medium,low,6,namesilo,,,23/09/2026 12:44
eb504f81-60e4-4c77-99da-d137a25aa323,deserts.diy,available,30.2,30.2,high,low,7,cloudflare,,,01/10/2026 01:30
780e83ad-41a4-4aec-8d6e-b0f7390a57f3,sumatran.diy,available,4.98,51.98,high,low,8,namecheap,,,11/09/2026 01:31
d51f3bb5-890f-4645-91f4-d39980b98105,hallelujah.diy,available,4.35,31.25,high,low,10,spaceship,,,29/09/2026 19:07
f3de80b5-ed8d-43b0-9115-df7d55d2ed9f,unstrung.diy,available,4.98,51.98,medium,low,8,namecheap,,,12/09/2026 20:39
2ffdf871-3640-40a0-991b-8bba2babedd5,nobody.diy,available,5.49,39.99,high,low,6,namesilo,,,30/09/2026 05:49
339561c0-3fbb-4973-88ff-26bb2173c6fe,heal.diy,premium,227.5,325,high,low,4,namecheap,,,29/09/2026 13:02
a1dc93c4-baa8-45f4-8ec1-59342002d640,api.diy,resell,,,high,medium,3,Porkbun LLC,08/04/2026 11:29,08/04/2027 11:29,26/09/2026 03:55
4a5a04bd-c460-4413-9c5d-048fe1b75a60,rimless.diy,available,4.98,51.98,medium,low,7,namecheap,,,09/09/2026 17:43
2171e68e-5e79-42b9-a2ee-3db962ab8d1d,isc.diy,premium,181.33,258.95,high,low,3,spaceship,,,02/10/2026 01:14
7a593197-163e-4190-917d-00c2b2e2cefd,fair.diy,premium,302.5,302.5,high,medium,4,namesilo,,,22/09/2026 23:43
b385369f-a147-4842-b7b7-ec483d78cee9,continually.diy,available,30.2,30.2,medium,low,11,cloudflare,,,01/10/2026 13:36
e3bd0501-8788-4bc5-9511-17d88b361d4b,faceted.diy,available,4.98,51.98,medium,low,7,namecheap,,,17/08/2026 20:24
44992915-d095-474a-bc5b-9c4dfbf217b3,lividity.diy,available,5.49,39.99,medium,low,8,namesilo,,,17/09/2026 00:59
b1befb83-ccb5-4055-8e54-0d96a779c6a4,grandfather.diy,available,5.49,39.99,high,low,11,namesilo,,,30/09/2026 22:05
f0854fca-b385-4202-909a-8675768ff220,digits.diy,available,39.99,,high,low,6,name.com,,,
1ff299cd-c709-4ae2-8ed0-5f927f3b82e4,westhill.diy,available,5.49,39.99,medium,low,9,namesilo,,,
4b89e293-03a8-40bc-89fa-9ae4837d41a7,dissident.diy,available,4.98,51.98,medium,low,9,namecheap,,,14/08/2026 12:30
29b21c18-3e77-4756-bf4f-4ebc39fe0044,captivated.diy,available,4.98,51.98,medium,low,10,namecheap,,,09/08/2026 09:52
834370a4-27c4-42a0-a6d6-489db99539ae,reed.diy,premium,640,640,high,low,4,namesilo,,,22/09/2026 21:42
c1284bbf-a682-402f-b739-147c04c4b924,rimbaud.diy,available,5.49,39.99,medium,low,7,namesilo,,,20/09/2026 11:03
1f7f0ee0-06c0-47ae-b8db-d2106892578b,hardback.diy,available,4.98,51.98,medium,low,8,namecheap,,,21/08/2026 00:40
d4eec674-3609-4286-84ae-326aaa43572f,cynical.diy,available,39.99,59.99,medium,low,7,name.com,,,13/08/2026 13:59
939feade-dd16-4059-b81d-1504a872f499,blare.diy,premium,87.5,125,medium,low,5,name.com,,,10/08/2026 13:12
3010f8de-99f5-48fe-b7f8-f9a4b09401cf,speed.diy,premium,640,640,high,medium,5,namesilo,,,25/09/2026 06:43
e4441838-3093-4412-a1a7-ccfa2cb4fafb,insatiable.diy,available,4.98,51.98,medium,low,10,namecheap,,,22/08/2026 06:33
4c67c5e7-494c-4c4c-a229-0cf53a4e0465,demographic.diy,available,4.35,31.25,high,low,11,spaceship,,,29/09/2026 14:24
b004f7e4-b2ec-4c05-8310-3cc23b6de309,stalemated.diy,available,39.99,59.99,medium,low,10,name.com,,,13/08/2026 19:29
a15a78b1-55f9-4bfb-9558-cfaffc999136,securely.diy,available,4.98,51.98,high,low,8,namecheap,,,16/09/2026 00:50
f4c012df-f7d7-4ff5-8902-93e503e873e6,crease.diy,available,4.98,51.98,high,low,6,namecheap,,,13/08/2026 07:14
4b1e5b0d-71ae-4169-b116-bc1a38c7d614,donuts.diy,premium,640,640,high,medium,6,namesilo,,,18/09/2026 14:27
23af2958-a5f9-4fd4-adab-023020383c6b,cubby.diy,premium,91,130,high,medium,5,namecheap,,,10/09/2026 12:51
391e8d53-623e-4103-8d69-6daacd2e76e1,handles.diy,available,4.35,31.25,medium,low,7,spaceship,,,28/09/2026 13:13
7ee273cc-c63e-45f7-bece-6c29a6f11e6e,his.diy,premium,1107,1107,high,low,3,namesilo,,,01/10/2026 11:33
16455198-028e-4c7f-be04-effcd357ea29,partnership.diy,available,5.49,39.99,high,low,11,namesilo,,,28/09/2026 04:23
7285020f-7e57-4485-a720-3ce40e3640d5,haight.diy,available,5.49,39.99,medium,low,6,namesilo,,,02/10/2026 04:03
b71a0816-6d6b-42ca-b21c-80316d0197e1,overseas.diy,premium,455,650,high,medium,8,namecheap,,,21/09/2026 14:34
17db45ae-b1c8-462c-bc60-744b7160d2bf,servicing.diy,available,4.98,51.98,high,low,9,namecheap,,,01/10/2026 21:38
8a875730-25ed-4206-9fe9-812cc895d91c,unfretted.diy,available,4.98,51.98,medium,low,9,namecheap,,,12/09/2026 10:45
6dfddc46-c027-4c79-8d18-baecc146d181,confluent.diy,available,4.98,51.98,high,low,9,namecheap,,,12/08/2026 21:07
a25050d0-6499-4649-9182-edda7b1529a6,enabled.diy,available,4.35,31.25,high,low,7,spaceship,,,30/09/2026 19:35
c4852ae6-3310-4f5d-aa80-e1943675d4bc,debonaire.diy,available,4.98,51.98,medium,low,9,namecheap,,,12/08/2026 05:59
53f84772-7dbf-42e5-865b-01a21c51fc6c,venice.diy,premium,362.45,517.7,high,low,6,spaceship,,,28/09/2026 03:15
28b5d01b-1e76-4115-bc54-8c5223682ef9,edu.diy,premium,455,650,medium,medium,3,namecheap,,,28/09/2026 23:17
245c97f1-de79-4baa-8cfc-f2efeff34bb1,surge.diy,premium,640,640,high,low,5,namesilo,,,23/09/2026 16:36
87c0c388-fbeb-447d-a3f2-08f04b2ec40f,chair.diy,premium,91,130,high,low,5,namecheap,,,25/09/2026 21:14
50ed85f6-bcb6-4662-991f-72aaafff63ba,billabong.diy,premium,640,640,high,medium,9,namesilo,,,23/09/2026 16:06
7a8b1e93-af9f-4a5d-bbfe-268f94a2f4cd,piggyback.diy,available,4.98,51.98,high,low,9,namecheap,,,15/09/2026 19:45
40fe4e27-db6a-4756-90bb-baf4edb15d0b,impending.diy,available,4.98,51.98,high,low,9,namecheap,,,21/08/2026 20:59
29b93b34-cd70-4449-8d78-05cb04eb39e2,sections.diy,available,4.35,31.25,medium,low,8,spaceship,,,29/09/2026 05:14
5ef5cbab-1aa0-48f9-8b44-95c36d958b7b,astrogator.diy,available,5.49,39.99,medium,low,10,namesilo,,,20/09/2026 17:41
88046024-345c-4998-8e25-35432635db94,dolomite.diy,premium,640,640,medium,low,8,namesilo,,,23/09/2026 23:01
6632e0db-1c76-4cb3-a695-aca8df67e842,unofficially.diy,available,5.49,39.99,medium,low,12,namesilo,,,01/10/2026 06:20
426244bb-c3c8-4cc2-87ff-74475a87b23c,tubby.diy,premium,91,130,medium,low,5,namecheap,,,08/09/2026 22:29
c872606e-5774-4e71-b1ac-8ce315f13033,valve.diy,premium,72.65,103.7,high,low,5,spaceship,,,28/09/2026 11:02
2ed69045-672c-4524-9012-6d8433d28573,philippine.diy,available,4.98,51.98,high,low,10,namecheap,,,18/08/2026 04:21
11d36eca-494b-4699-a141-96a9f560f593,excellence.diy,available,30.2,30.2,high,low,10,cloudflare,,,29/09/2026 06:50
f61cbea0-01ed-41f5-84ae-99affeaf6b08,stretched.diy,available,4.98,51.98,medium,low,9,namecheap,,,10/09/2026 22:34
43381bdf-e659-4ff3-9c18-0ab50d9623c2,newport.diy,premium,455,650,high,low,7,namecheap,,,28/09/2026 02:29
01500e1e-8361-469d-8392-42326dee4ad2,truelove.diy,available,4.98,51.98,medium,low,8,namecheap,,,10/09/2026 19:36
00e9942d-2907-4071-b185-12460182bb72,hides.diy,premium,116,116,medium,low,5,namesilo,,,18/09/2026 23:59
c087a5fe-a08b-42a4-a26f-090a64aa12c6,camels.diy,available,4.99,32.32,medium,low,6,dynadot,,,30/09/2026 15:26
fc3a8dc7-6c24-4c4e-9a9c-54cb4ac5572d,breakthrough.diy,available,4.35,31.25,high,low,12,spaceship,,,28/09/2026 07:10
4af05137-4632-4706-a095-78535d6271b2,benighted.diy,available,4.98,51.98,low,low,9,namecheap,,,08/09/2026 09:10
50920112-1abe-42fa-ad73-93f8008d0b49,bezant.diy,available,5.49,39.99,medium,low,6,namesilo,,,23/09/2026 12:11
0a8795a4-98b1-487e-8ad0-3e10b534b18d,maid.diy,premium,302.5,302.5,high,low,4,namesilo,,,25/09/2026 16:10
eb0d08f3-7ecf-49ba-bed8-74f0cbbd5ee7,healthcare.diy,premium,455,650,high,low,10,namecheap,,,30/09/2026 06:01
64b3f784-42ed-4e41-9a7a-9a276778b69f,sixty.diy,premium,87.5,125,high,low,5,name.com,,,
d1af46d7-d263-4d3f-9bcb-6c9ab6dca53f,visceral.diy,available,4.98,51.98,medium,low,8,namecheap,,,10/09/2026 16:02
f41acb54-8f38-4dfd-b24d-b4bf780fc5e4,bottoms.diy,available,4.98,51.98,medium,low,7,namecheap,,,20/09/2026 18:24
a7f18c61-fc72-4a8e-a070-d684e7317628,phrases.diy,available,5.49,39.99,medium,low,7,namesilo,,,
85f43ca1-61f5-4a93-8f0e-b815be23cafd,omen.diy,premium,302.5,302.5,high,low,4,namesilo,,,27/09/2026 07:13
39b58e28-a268-49d3-b1e7-7081998eae47,summary.diy,available,5.49,39.99,high,low,7,namesilo,,,23/09/2026 17:08
97b2456c-9606-4cb0-83d0-575e898da134,oates.diy,available,30.2,30.2,medium,low,5,cloudflare,,,28/09/2026 19:34
62954ee3-f6ef-4169-b1ae-0c1c786d7a82,inutile.diy,available,4.98,51.98,medium,low,7,namecheap,,,22/08/2026 08:54
27b6afa7-3bed-4225-a5b0-21083435e8d8,picking.diy,available,4.98,51.98,high,low,7,namecheap,,,25/09/2026 09:58
7a3f392e-6357-439c-b1fd-1a7637f7735d,synovial.diy,available,4.98,51.98,medium,low,8,namecheap,,,11/09/2026 06:37
72ab4964-c5ad-433a-a7fa-10e3bd4ff976,dante.diy,premium,382.61,546.35,high,low,5,porkbun,,,28/09/2026 05:29
fbefed28-f1f9-4555-958f-6d3e57219c56,hall.diy,premium,181.33,258.95,high,low,4,spaceship,,,28/09/2026 21:37
90ce25b0-072d-4c0c-9781-97d36ada3084,address.diy,available,30.2,30.2,high,low,7,cloudflare,,,01/10/2026 16:50
3986d46f-6794-4ff7-932b-b27a53ebd041,folding.diy,available,4.98,51.98,high,low,7,namecheap,,,24/09/2026 20:52
5b8c1d14-4222-4888-97c0-bd8f82194b07,avo.diy,premium,1107,1107,high,low,3,namesilo,,,21/09/2026 09:36
3f3ff481-b610-4c33-86d7-0e72c8b30bcd,moonlike.diy,available,4.98,51.98,medium,low,8,namecheap,,,25/08/2026 05:49
b6ac6fa1-9908-4b84-88d3-5c1f9aa06d24,dashingly.diy,available,4.98,51.98,medium,low,9,namecheap,,,14/09/2026 10:41
a4524ce0-bdc7-4703-9d31-95e1a361e062,eels.diy,premium,302.5,302.5,high,low,4,namesilo,,,02/10/2026 03:24
44f40c4b-a679-4733-b304-47bb64114fb2,angolan.diy,available,4.98,51.98,high,low,7,namecheap,,,
a90f65bf-81d2-4a39-9595-2b27cd06adf3,jeans.diy,premium,2660,2660,medium,low,5,namesilo,,,28/09/2026 12:09
ac7f01cd-d4eb-4856-81c5-2ec3e1d357dd,riemannian.diy,available,4.98,51.98,medium,low,10,namecheap,,,09/09/2026 17:21
4a5e8c71-a95c-4469-9690-452f6cd76be9,ungoverned.diy,available,4.98,51.98,medium,low,10,namecheap,,,12/09/2026 04:36
ab89b3a4-db11-408e-afd8-9dc11111bf8a,frill.diy,premium,87.5,125,high,low,5,name.com,,,18/08/2026 23:46
c0b73e11-7c1e-41dd-9f62-192570b0ef19,stael.diy,available,5.49,39.99,medium,low,5,namesilo,,,22/09/2026 07:38
f9e3bec5-18d3-4e79-9772-243375d2cb47,tumescent.diy,available,4.98,51.98,medium,low,9,namecheap,,,22/08/2026 08:52
57d94c73-60b6-4295-a19b-646908b84ca2,mars.diy,premium,640,640,high,medium,4,namesilo,,,28/09/2026 06:21
5fbe78f2-7716-4ad4-ab7f-1c9588ce520a,attorney.diy,premium,550,550,high,low,8,dynadot,,,28/09/2026 23:09
c8993837-edf7-442a-bb46-096850bfcfbd,relaxing.diy,available,4.98,51.98,high,low,8,namecheap,,,09/09/2026 13:30
cbcf0c1e-1b23-4af6-98ad-d8307f4c6395,moist.diy,premium,87.5,125,high,low,5,name.com,,,13/08/2026 16:43
1fc7a378-e6a1-4b18-83f4-c86438aa28e4,infected.diy,available,4.98,51.98,high,low,8,namecheap,,,22/08/2026 04:09
a99b711c-7fdf-4c56-af6a-a96ef19b51ac,sagely.diy,available,4.98,51.98,medium,low,6,namecheap,,,16/09/2026 00:31
b1e6b65e-922e-47a8-979f-c1d0029f2c5f,abstracted.diy,available,4.98,51.98,medium,low,10,namecheap,,,
e8fa8c57-41c3-43a9-b280-df528a8b9790,nonpareil.diy,available,4.98,51.98,high,low,9,namecheap,,,24/08/2026 17:02
2ec79b45-ea95-4f2b-b1b3-fef5ea837a5c,choirs.diy,available,5.49,39.99,medium,low,6,namesilo,,,17/09/2026 06:51
90ea2d57-531c-438e-ba39-9789fc1a93da,contamination.diy,available,4.98,51.98,medium,low,13,namecheap,,,29/09/2026 22:52
31ee839d-094b-4909-b901-6ded3c2f6000,elmo.diy,premium,382.61,546.35,high,low,4,porkbun,,,30/09/2026 05:11
53eec916-9422-4134-a50a-374fa1b5a5de,anodic.diy,available,4.98,51.98,high,low,6,namecheap,,,
1a1e8df5-2594-42a0-b930-9af44cb2afe8,peninsular.diy,available,4.98,51.98,high,low,10,namecheap,,,08/09/2026 14:28
114bfc23-2f2e-4ad9-854b-92fbb27ec9be,membered.diy,available,4.98,51.98,medium,low,8,namecheap,,,24/08/2026 19:49
6bf60183-d68f-4f2c-8332-8ba10ae27fc5,mono.diy,premium,227.5,325,high,medium,4,namecheap,,,25/09/2026 21:33
f913a40d-b9b2-482a-81d4-97f8d34084c7,torquay.diy,available,4.35,31.25,medium,low,7,spaceship,,,30/09/2026 21:29
a624a522-49b7-4dd8-a6be-349ffd53b044,diet.diy,premium,227.5,325,high,low,4,namecheap,,,24/09/2026 22:16
1e66727c-2f7b-4cd6-978a-d921aebb4d25,contour.diy,premium,640,640,high,low,7,namesilo,,,24/09/2026 17:43
762c50f3-3e17-4de5-8e14-5efeba7a4f8a,specular.diy,available,4.98,51.98,medium,low,8,namecheap,,,25/08/2026 01:15
1f1efe7f-1775-4cd6-8c73-edb548a3c2e4,shaded.diy,available,4.98,51.98,medium,low,6,namecheap,,,10/09/2026 05:23
350c15cd-074e-4796-a40c-336ae984d128,sophia.diy,premium,362.45,517.7,high,low,6,spaceship,,,28/09/2026 07:06
c06a43d8-986d-48be-9e7d-0703f176c185,inning.diy,available,30.2,30.2,high,low,6,cloudflare,,,30/09/2026 17:41
94b36490-a649-4bbe-a3a9-a3eacb4db095,dumfries.diy,available,5.49,39.99,medium,low,8,namesilo,,,30/09/2026 05:24
e4acc824-a2ed-4b54-b983-2aeefb65a6b9,roundish.diy,available,4.98,51.98,high,medium,8,namecheap,,,09/09/2026 19:04
65df3868-c735-499f-a49b-8a1d59b828d5,floated.diy,available,5.49,39.99,medium,low,7,namesilo,,,30/09/2026 15:08
c8607508-5a99-487a-ac3d-b4680f4af867,analyser.diy,available,5.49,39.99,high,low,8,namesilo,,,19/09/2026 01:57
df0e0f35-9625-4f9f-b2f6-5b10335eed66,exe.diy,premium,302.5,302.5,high,low,3,namesilo,,,01/10/2026 06:45
87dfea1d-f01c-44e9-947d-a30a5c194a39,heterodox.diy,available,4.98,51.98,medium,low,9,namecheap,,,14/08/2026 12:37
041d55ee-d89b-4cb8-8dc7-b7ebaa045952,armory.diy,available,5.49,39.99,high,low,6,namesilo,,,20/09/2026 07:31
5b611352-1d0e-4e37-b057-cee120736385,chechen.diy,available,4.98,51.98,high,low,7,namecheap,,,12/08/2026 03:34
21d3b947-b281-4746-95f1-540038e6bb66,boys.diy,premium,227.5,325,high,low,4,namecheap,,,25/09/2026 17:34
899f7ecf-8b1e-4022-94a3-fb770150d841,chap.diy,premium,302.5,302.5,medium,low,4,namesilo,,,24/09/2026 06:13
9867e98b-06ff-4e20-9064-ab53b272a870,acrobat.diy,premium,640,640,high,medium,7,namesilo,,,17/09/2026 03:17
f9327a79-1ea5-40e3-9406-475c1ae3a39d,gamble.diy,premium,2660,2660,high,low,6,namesilo,,,17/09/2026 10:37
3085a501-bc75-4b02-ad73-1ec0294350cc,connie.diy,available,4.98,51.98,high,low,6,namecheap,,,25/09/2026 12:17
57e0c620-c176-477b-8a30-27326738c3ff,shadowed.diy,available,4.98,51.98,medium,low,8,namecheap,,,10/09/2026 05:25
f2f903f8-1d58-4f39-a4d1-9fdbeec1045f,irritable.diy,available,5.49,39.99,medium,low,9,namesilo,,,25/09/2026 11:30
347015ba-8740-43ac-ac48-49a1f6486048,tripped.diy,available,4.35,31.25,medium,low,7,spaceship,,,01/10/2026 00:50
73142bc9-2e38-47d3-b50e-55c9156416a1,drops.diy,premium,91,130,medium,low,5,namecheap,,,18/09/2026 04:47
c5123c2b-614f-44b8-9cfb-25c58e30f565,singaporean.diy,available,4.35,31.25,high,low,11,spaceship,,,30/09/2026 11:33
c2cecbc8-cd02-4795-a38b-8f852f9bbd29,vaporized.diy,available,4.98,51.98,medium,low,9,namecheap,,,18/08/2026 20:28
5e8ba7b5-dc88-4767-9130-187935400d61,sintering.diy,available,4.35,31.25,medium,low,9,spaceship,,,01/10/2026 15:38
47233418-7377-4577-bfcb-1fc31f87941a,removing.diy,available,30.2,30.2,high,low,8,cloudflare,,,28/09/2026 07:21
05de7ff4-9f0b-4ed3-8e93-7964c761c7a6,valuator.diy,available,5.49,39.99,medium,low,8,namesilo,,,19/09/2026 22:13
913a36b6-aefa-48eb-be17-9bc0e74e0700,dystopian.diy,available,4.98,51.98,medium,low,9,namecheap,,,14/08/2026 22:10
d2fcd53c-378d-4bcd-817a-8db426b47557,jesus.diy,premium,1107,1107,high,medium,5,namesilo,,,29/09/2026 09:01
ff95d633-d7a6-4ef6-b79e-bfa2cc003682,perform.diy,available,4.98,51.98,high,low,7,namecheap,,,30/09/2026 21:20
de8abe05-90ed-4441-9bd1-82553f2eef4a,miscreant.diy,available,4.98,51.98,medium,low,9,namecheap,,,09/09/2026 14:38
f4f8003f-b477-4fb4-a95f-adf46512cc9e,winifred.diy,available,30.2,30.2,medium,low,8,cloudflare,,,28/09/2026 21:52
db5790cd-97a6-4e98-8e0f-06079ace51a6,enrollments.diy,available,4.35,31.25,medium,low,11,spaceship,,,30/09/2026 16:24
efb6a174-d3bd-4ed6-8cb8-3d30e42d8e7b,microbar.diy,available,39.99,59.99,medium,low,8,name.com,,,22/09/2026 03:48
ce451cc0-a7a5-49ff-950c-1131a6a82f5b,acetyl.diy,available,4.98,51.98,medium,low,6,namecheap,,,17/09/2026 00:19
e6f21d87-ed66-4f98-9057-a58a14584f21,tirana.diy,premium,640,640,high,low,6,namesilo,,,18/09/2026 02:27
29f4dd6b-049a-4a83-94fd-a47ba2ff3f54,johnny.diy,available,5.49,39.99,high,low,6,namesilo,,,25/09/2026 06:45
94a48a9a-25b6-4f03-b05c-e6d30b9e9daa,quickly.diy,available,4.98,51.98,high,low,7,namecheap,,,27/09/2026 09:22
06eb46ab-f904-4829-a1a6-d98d2db9c55b,citrous.diy,available,5.49,39.99,medium,low,7,namesilo,,,25/09/2026 05:54
287f6cf9-495e-4615-a192-8bc798d7359f,penalty.diy,available,5.49,39.99,high,low,7,namesilo,,,27/09/2026 04:58
57b33320-58c7-4830-8828-93e164477730,deportation.diy,available,5.49,39.99,medium,low,11,namesilo,,,29/09/2026 23:26
a1bf590a-d46f-4084-9eef-8bbc35a787a4,tyre.diy,premium,181.33,258.95,high,low,4,spaceship,,,29/09/2026 08:11
7e3bd1f7-4ced-41a1-ae0b-b06a9c83bee9,gregor.diy,available,5.49,39.99,high,low,6,namesilo,,,
b9e344cb-fb6b-4cb3-b358-61617ab0ffb7,moire.diy,premium,87.5,125,medium,low,5,name.com,,,25/08/2026 03:26
d771c3e7-d280-452c-b2d8-5e82a58b54b2,worrying.diy,available,4.98,51.98,medium,low,8,namecheap,,,14/08/2026 13:23
47f1cf99-f618-45cb-97ca-a8a95b82856b,extensible.diy,available,4.98,51.98,medium,low,10,namecheap,,,17/08/2026 19:03
0dd67372-5ffb-45ba-9280-bfd149454883,eighth.diy,available,4.98,51.98,high,low,6,namecheap,,,
332683af-42fb-4578-9679-9efc1bc6b6b5,jimmie.diy,available,30.2,30.2,medium,low,6,cloudflare,,,28/09/2026 17:18
97d15c9d-8f17-419b-8e8b-80b1983fde28,finnish.diy,available,4.98,51.98,high,low,7,namecheap,,,18/08/2026 05:03
82d40bb7-7ae1-42c1-8e20-7806e35bf647,containment.diy,available,4.35,31.25,high,low,11,spaceship,,,29/09/2026 10:17
8f145a44-5ed5-4f14-82e1-29a2494083f0,tiresome.diy,available,4.98,51.98,medium,low,8,namecheap,,,10/08/2026 20:03
4002c5f4-33e1-457f-8e9b-ee6890b672a9,res.diy,premium,724.7,1035.2,high,low,3,spaceship,,,01/10/2026 21:31
b79139dc-a1b5-4270-a237-cc640584aff1,pearce.diy,available,4.98,51.98,high,low,6,namecheap,,,29/09/2026 15:07
97f60134-e4bf-4bfc-81fa-344c1a81915d,biographer.diy,available,4.98,51.98,high,low,10,namecheap,,,23/09/2026 18:07
de1f2996-9467-491c-b302-e1f46c410894,spite.diy,premium,116,116,high,low,5,namesilo,,,23/09/2026 22:22
45f1829f-9c1f-44ab-a88d-1ed37e021866,spade.diy,premium,72.65,103.7,high,low,5,spaceship,,,30/09/2026 02:04
1e0f3e2f-8b1d-4baa-b98a-dd6e5e75a16a,billow.diy,available,5.49,39.99,medium,low,6,namesilo,,,23/09/2026 16:34
21ea6448-484d-431c-8662-b74b033453ca,recess.diy,available,5.49,39.99,medium,low,6,namesilo,,,28/09/2026 13:53
a935593f-1ce7-403c-8ad1-a6ae27a2db33,nursed.diy,available,4.98,51.98,medium,low,6,namecheap,,,03/09/2026 23:03
84d3e9bb-9e3d-478b-a6ca-c2864b305dd6,tuba.diy,premium,302.5,302.5,high,low,4,namesilo,,,22/09/2026 11:52
672e6795-5046-4cf1-9e97-27b67e53f932,surry.diy,available,4.99,32.32,medium,low,5,dynadot,,,01/10/2026 23:31
8c23ffcb-2b5e-4deb-97d5-02b481b29df3,orthoptic.diy,available,4.98,51.98,high,low,9,namecheap,,,04/09/2026 18:06
2fab472d-242b-4725-82a9-5c0a874688cb,robbers.diy,available,4.35,31.25,low,low,7,spaceship,,,28/09/2026 23:38
58b6a45b-8aaa-4046-9299-b04410e81853,withdrawn.diy,available,4.98,51.98,medium,low,9,namecheap,,,22/08/2026 03:25
46715507-9172-47b5-9a14-0884c46edab1,tenerife.diy,available,5.49,39.99,high,low,8,namesilo,,,01/10/2026 04:01
072d9ac1-b0f6-4a53-91b6-5897b0f1185f,goodman.diy,available,4.98,51.98,high,low,7,namecheap,,,23/09/2026 08:16
251bccbc-2746-41a3-b6fe-c3af9a8e34ab,lxxxii.diy,available,4.98,51.98,medium,low,6,namecheap,,,
dfd8e13f-03f9-4b08-963d-cc3b535793b2,mates.diy,premium,72.65,103.7,high,low,5,spaceship,,,28/09/2026 10:21
50c98d49-bcfd-4f3e-8ff6-b1cbfaadd644,prenuptial.diy,available,5.49,39.99,high,low,10,namesilo,,,22/09/2026 06:05
92e55b64-0841-4596-9b3f-2966f9929b14,art.diy,premium,1449.2,2070.2,high,medium,3,spaceship,,,01/10/2026 12:42
f6ab966d-dd4d-4cf3-9fe9-fafc7df657f5,dss.diy,premium,362.45,517.7,high,medium,3,spaceship,,,30/09/2026 13:05
7ad794ec-e4c0-4861-8fc3-b5b815c556a2,provably.diy,available,4.98,51.98,medium,low,8,namecheap,,,14/09/2026 11:29
1562c210-e3d9-4106-95b5-248e5a024d71,carmine.diy,available,4.98,51.98,high,low,7,namecheap,,,10/08/2026 15:02
6b705f82-0cf1-4961-8b4b-08e0ed96d3ed,impure.diy,available,4.98,51.98,medium,low,6,namecheap,,,21/08/2026 23:30
42216e66-d354-4691-84ff-2bae73bca406,homeric.diy,available,4.98,51.98,medium,low,7,namecheap,,,08/09/2026 09:34
9b2169d1-8047-4641-96fe-c2f73f04180c,borne.diy,premium,87.5,,medium,low,5,name.com,,,
6f0d6e7b-f903-4c5f-9c02-0055199f644c,myspace.diy,premium,640,640,high,medium,7,namesilo,,,02/10/2026 02:12
5ec1eb7d-4d56-4abf-95f9-222287e18a8c,flagging.diy,available,4.98,51.98,medium,low,8,namecheap,,,14/08/2026 19:41
b2b4988e-354c-4dd4-bdd8-c0b43792c11d,suffice.diy,available,4.99,32.32,high,low,7,dynadot,,,01/10/2026 22:14
7f49ad55-0e5b-496b-af1c-42c3615c5151,mildred.diy,available,4.99,32.32,medium,low,7,dynadot,,,28/09/2026 12:04
53a1f56a-2ef1-4b12-b9da-1571c047a0c2,chambers.diy,premium,455,650,high,low,8,namecheap,,,08/09/2026 06:47
b3f0f37e-38e2-45a8-861f-971cbcfecb06,enzo.diy,premium,550,550,high,low,4,dynadot,,,30/09/2026 21:18
c48699c6-baf1-489e-a19a-f822a0612a78,pledge.diy,premium,640,640,high,low,6,namesilo,,,27/09/2026 15:17
6db7e1db-5920-46ff-92b3-8b79d3967e6a,alir.diy,available,4.98,51.98,medium,low,4,namecheap,,,17/08/2026 22:11
1a28455b-b743-4656-a603-69435db74b38,transverse.diy,available,4.98,51.98,high,low,10,namecheap,,,13/08/2026 07:54
abc3c63c-fa39-4e74-be09-559bce4cf08b,giles.diy,available,4.98,51.98,medium,low,5,namecheap,,,30/09/2026 04:47
8848d84a-6c3b-432f-9de2-22e57bb0c36a,overlooking.diy,available,5.49,39.99,medium,low,11,namesilo,,,30/09/2026 00:35
47862619-0df7-4152-87d0-ec9fa60a2f37,barbecues.diy,available,5.49,39.99,medium,low,9,namesilo,,,21/09/2026 08:34
5d4d6f47-4672-47c7-a9a8-b85b842f5ca0,dominican.diy,available,4.98,51.98,high,low,9,namecheap,,,14/08/2026 15:44
729f6da5-e3b1-4ab8-89e3-6c10a80530e0,balthasar.diy,available,5.49,39.99,high,low,9,namesilo,,,22/09/2026 00:15
36dd2cf8-9607-45c5-9ba8-2264cf4d146c,lowell.diy,available,5.49,39.99,high,low,6,namesilo,,,16/09/2026 14:32
d260744b-a6a1-4cf9-9d8b-f9101e73e7e7,movie.diy,premium,640,640,high,low,5,namesilo,,,30/09/2026 09:35
9b496c79-899b-425a-8366-37eb2e2ba7bd,inscribed.diy,available,4.98,51.98,medium,low,9,namecheap,,,17/08/2026 08:24
a5248606-d86b-4ff7-a217-187d7a8d483d,reaper.diy,available,30.2,30.2,high,low,6,cloudflare,,,30/09/2026 17:30
79ce36a6-2cf4-482c-9b05-dea66a0ea655,overpriced.diy,available,4.98,51.98,medium,low,10,namecheap,,,04/09/2026 21:26
9f82f4b5-db79-4765-8e87-71513cf00e4b,yoon.diy,available,5.49,39.99,high,low,4,namesilo,,,30/09/2026 12:42
aebfd2d3-77e8-45f4-9d9e-6cb1666a5f13,begonia.diy,available,4.98,51.98,medium,low,7,namecheap,,,23/09/2026 02:28
4ae35b85-bcb8-47f1-b878-3fd4753d99ba,partake.diy,available,5.49,39.99,high,low,7,namesilo,,,30/09/2026 11:28
7404faef-c694-43e1-857c-7e1fc09f0639,drills.diy,available,4.35,31.25,medium,low,6,spaceship,,,30/09/2026 15:41
346c3005-9ba9-4438-8d0e-f29f2fd55ce7,mohammed.diy,available,4.98,51.98,high,low,8,namecheap,,,30/09/2026 17:57
fca61a4e-b998-46f3-a4a2-a8a332bb78b5,throbbing.diy,available,4.98,51.98,high,low,9,namecheap,,,11/09/2026 14:47
d827a8f8-86c0-4b03-b086-0dd23d93a4c7,godzilla.diy,premium,640,640,high,medium,8,namesilo,,,19/09/2026 06:09
66bb2861-e81b-49da-931f-f0f6791321ff,briefing.diy,available,4.35,31.25,high,low,8,spaceship,,,29/09/2026 04:17
7824ca22-0934-4bbf-b973-f32e39cb87ca,ozark.diy,available,4.99,32.32,high,low,5,dynadot,,,28/09/2026 21:30
43dbdb8f-7a37-4b9c-9ece-32c8dd746279,businesses.diy,available,5.49,39.99,medium,low,10,namesilo,,,01/10/2026 02:58
ebabf9e3-bbfc-4f2e-8fa7-b7fd9c75784f,kalimantan.diy,available,4.35,31.25,high,low,10,spaceship,,,01/10/2026 18:45
15a93d18-6122-46a8-ac9c-dfa055dd972b,whack.diy,premium,,,high,low,5,,,,01/10/2026 22:02
b03015ae-a5b4-4f22-a91c-360f96d576c4,balmoral.diy,available,5.49,39.99,high,low,8,namesilo,,,21/09/2026 23:39
80aad0e1-4da9-4ee0-b304-bbe3ee8d1f5b,verse.diy,premium,87.5,,high,low,5,name.com,,,30/09/2026 07:06
3f752354-9a1f-4f59-9be1-c26c1e123f15,depending.diy,available,4.35,31.25,medium,low,9,spaceship,,,27/09/2026 22:26
4a854e47-4401-4dfd-982c-b6cd40d8b07c,routines.diy,available,5.49,39.99,medium,low,8,namesilo,,,30/09/2026 15:00
5023c42d-9075-46e5-a1ab-d17d66047121,saxons.diy,available,30.2,30.2,low,low,6,cloudflare,,,01/10/2026 16:26
f1bbcad2-bacc-4b22-ad08-0df5bfed6c45,paunchy.diy,available,4.98,51.98,medium,low,7,namecheap,,,
bcc032b4-781a-441f-bb7c-1827b9b70b98,clothes.diy,premium,2200,2200,high,low,7,dynadot,,,28/09/2026 21:50
5a105873-b29f-42ce-a403-6801656aa59b,popular.diy,premium,640,640,high,low,7,namesilo,,,27/09/2026 04:30
7f13020c-2efe-4946-897e-5354aa3ae346,backspacer.diy,available,5.49,39.99,medium,low,10,namesilo,,,21/09/2026 16:02
2098108c-f843-4179-bf69-234a73daaad2,traveled.diy,available,5.49,39.99,high,low,8,namesilo,,,28/09/2026 09:30
716d0698-7ebd-4177-a703-dd03fa56c8e4,epicure.diy,available,4.98,51.98,high,low,7,namecheap,,,17/08/2026 10:42
fe6d9d61-0007-44d4-b750-0f9673ebf038,paneled.diy,available,4.98,51.98,high,low,7,namecheap,,,05/09/2026 00:50
3c462142-642d-492a-94b4-361b9222a12b,lately.diy,available,5.49,39.99,medium,low,6,namesilo,,,28/09/2026 16:06
a53b8853-124a-481c-8375-8a501430842b,opposable.diy,available,4.98,51.98,medium,low,9,namecheap,,,06/08/2026 07:43
f1493bac-2a87-4d8d-b671-28ba75934af3,franconia.diy,available,5.49,39.99,medium,low,9,namesilo,,,30/09/2026 13:25
6228d1cc-f6a7-480c-a4b4-6bea79ce0865,ursine.diy,available,4.98,51.98,low,low,6,namecheap,,,12/09/2026 23:53
2f21e397-8dd9-4d7c-ad38-c0474bfc8c20,exploit.diy,available,4.35,31.25,high,low,7,spaceship,,,28/09/2026 19:08
7d2d21aa-472f-4b7b-a20c-f7a3190057cf,artifice.diy,available,5.49,39.99,high,low,8,namesilo,,,20/09/2026 11:34
7c96a808-e377-41ed-b573-2bb4b0dda99f,compress.diy,available,4.35,31.25,high,low,8,spaceship,,,01/10/2026 19:02
047e0172-c524-4be8-9c5f-40b1ec1c922d,sparely.diy,available,5.49,39.99,medium,low,7,namesilo,,,16/09/2026 05:49
9194c91e-528e-46ff-a5e5-8bf5b06dc851,elliptical.diy,available,4.98,51.98,high,low,10,namecheap,,,15/08/2026 18:01
3e8f32d5-5c2e-49ef-b138-051fb50660eb,jackass.diy,premium,382.61,546.35,medium,low,7,porkbun,,,01/10/2026 01:11
a7831962-e911-449a-9ac4-eb917a7a90db,brisken.diy,available,4.98,51.98,medium,low,7,namecheap,,,11/08/2026 04:39
121be6f8-4e7b-4533-84d1-e5931282c0ae,firebird.diy,available,4.98,51.98,high,low,8,namecheap,,,22/09/2026 00:21
42d1f088-578d-456f-9001-85de78b10e6c,hildebrand.diy,available,5.49,39.99,medium,low,10,namesilo,,,30/09/2026 01:47
eb7c5b74-fcd9-4476-ac43-800dc2273622,injurious.diy,available,4.98,51.98,medium,low,9,namecheap,,,14/08/2026 00:30
97a4c425-1b27-41e2-bf54-97c3889c085c,motley.diy,available,4.98,51.98,medium,low,6,namecheap,,,07/08/2026 07:29
06f46b00-abc3-4ca6-959a-0a1ceef82797,alongside.diy,available,4.98,51.98,high,low,9,namecheap,,,13/09/2026 19:12
96eba7b1-a0c5-41f5-b5f0-acb214159cdc,columella.diy,available,4.63,31.41,medium,low,9,porkbun,,,30/09/2026 09:13
dc3e67c1-b9a2-4ad1-9a2c-f54df23a161c,dinesen.diy,available,5.49,39.99,medium,low,7,namesilo,,,22/09/2026 07:24
297af299-0f3e-45a3-b2bc-1c7d1cc1c575,contraband.diy,available,4.98,51.98,high,low,10,namecheap,,,22/09/2026 21:25
c1ee988b-31de-4a8d-9499-ddc0b3fc974b,presume.diy,available,5.49,39.99,medium,low,7,namesilo,,,29/09/2026 00:37
e1db92f2-b22b-405f-abaa-48534f33665e,banjul.diy,premium,640,640,medium,low,6,namesilo,,,22/09/2026 02:12
c42871eb-cefe-4b22-a447-9cb73c394a27,precursors.diy,available,5.49,39.99,medium,low,10,namesilo,,,21/09/2026 00:35
fedabd8e-2ad1-47d3-b9b0-5ba5c3e48c5d,bean.diy,premium,181.33,258.95,high,low,4,spaceship,,,29/09/2026 01:40
bd5bc355-5b3d-4360-828f-1a2626102c52,lombardy.diy,available,4.35,31.25,medium,low,8,spaceship,,,28/09/2026 10:16
009192e0-129c-4f5b-8c83-c7d7273415a4,boldly.diy,available,4.98,51.98,high,low,6,namecheap,,,14/09/2026 00:53
40405deb-6000-47bd-9021-a8ac95a70a71,urges.diy,premium,91,130,medium,low,5,namecheap,,,16/09/2026 09:15
c4077894-7024-4c90-bfb6-fac67dc595d4,blunted.diy,available,4.98,51.98,medium,low,7,namecheap,,,10/08/2026 16:17
5eeedc05-a5ce-4b41-94ec-a052c0c5e865,grabby.diy,available,4.98,51.98,medium,low,6,namecheap,,,07/08/2026 21:58
1f85d97c-40e2-43a0-83f2-9ff150a1842e,acquiring.diy,available,4.98,51.98,high,low,9,namecheap,,,17/09/2026 02:42
5f54d27b-b0c3-401e-9403-d82f45bf4499,gruesome.diy,available,4.98,51.98,medium,low,8,namecheap,,,18/08/2026 23:17
063b9959-17c4-46f8-903a-233dd0d7a298,positive.diy,available,5.49,39.99,high,low,8,namesilo,,,23/09/2026 14:53
5da0d0d1-8427-4000-ab46-269c4ced4cbb,depended.diy,available,4.35,31.25,medium,low,8,spaceship,,,29/09/2026 17:13
01292680-e242-4317-bef2-34b4c6df788c,madonna.diy,available,4.98,51.98,high,low,7,namecheap,,,24/09/2026 06:06
a8d5b5bf-f1e1-44ad-8a9f-02108b24794a,tend.diy,premium,181.33,258.95,high,low,4,spaceship,,,29/09/2026 23:54
3624ebe5-d7a7-45ce-9753-64f5e97ba02e,cigarettes.diy,available,4.98,51.98,medium,low,10,namecheap,,,25/09/2026 21:29
0c14d037-5941-4723-92bd-a4c35c83966f,waggon.diy,available,4.98,51.98,high,low,6,namecheap,,,22/09/2026 19:02
e29e5a16-79a0-41b0-beb1-261b22bd94ce,tomorrows.diy,available,5.49,39.99,medium,low,9,namesilo,,,21/09/2026 09:58
5eaaf4fb-c493-494d-9e78-1a5de44fcd1a,kudos.diy,premium,437.5,,high,low,5,name.com,,,29/09/2026 10:58
5746f0bb-3e42-41d1-99c4-0404f5e41a2d,interrupted.diy,available,4.35,31.25,medium,low,11,spaceship,,,28/09/2026 08:46
1e8b630a-9c80-4dbf-8277-c779685c1cbf,hoist.diy,premium,72.65,103.7,high,low,5,spaceship,,,30/09/2026 01:53
17ab3468-195c-40f8-9776-196685a98c12,pictorials.diy,available,5.49,39.99,medium,low,10,namesilo,,,20/09/2026 12:53
4d26420c-3f1e-4c95-99cc-1871b9a82668,sinai.diy,available,5.49,39.99,high,low,5,namesilo,,,25/09/2026 09:30
fa3f78a2-b393-43e2-8f34-31827ecfce9d,toothbrush.diy,available,30.2,30.2,high,low,10,cloudflare,,,01/10/2026 03:46
c5845318-80ea-4a18-a68a-1f6d657d12fa,clutter.diy,available,30.2,30.2,medium,low,7,cloudflare,,,01/10/2026 18:58
f9c4b4eb-e346-4847-b98a-d4fb38820e82,achy.diy,premium,218.75,312.5,medium,low,4,name.com,,,
db1ea3ca-c965-493c-8085-3a086e1881ae,foreigners.diy,available,5.49,39.99,low,low,10,namesilo,,,28/09/2026 23:22
92f7c64d-001c-40f4-be40-671674b264ba,attributed.diy,available,4.99,32.32,medium,low,10,dynadot,,,30/09/2026 14:55
72828174-85e9-4331-943d-0a470b6b25eb,mclaughlin.diy,available,4.98,51.98,medium,low,10,namecheap,,,27/09/2026 01:56
6deee234-efaf-4324-8f52-0c2c1a8afe63,isd.diy,premium,302.5,302.5,high,low,3,namesilo,,,30/09/2026 15:03
bbedf22c-727a-4e68-a153-144037a9149e,furrowed.diy,available,4.98,51.98,medium,low,8,namecheap,,,18/08/2026 18:55
a1bbf3c7-14c4-4d9c-b9f6-5daa33e29363,bivalent.diy,available,4.98,51.98,high,low,8,namecheap,,,10/08/2026 08:58
9809c4c7-2001-49e4-be42-42fdb3e96b97,semiformal.diy,available,4.98,51.98,high,low,10,namecheap,,,10/08/2026 11:42
067824e4-2695-458c-a1eb-8d596ad771e8,dismissive.diy,available,4.98,51.98,medium,low,10,namecheap,,,14/08/2026 11:49
3c59930d-d34e-44a1-9dee-d8f018704c44,negligent.diy,available,4.98,51.98,medium,low,9,namecheap,,,03/09/2026 15:07
d8a41d76-6aae-4da9-b9ca-f92bea52984b,feel.diy,premium,227.5,325,high,low,4,namecheap,,,29/09/2026 19:07
c1143d30-eb1a-4d97-b695-94cd75a2e02f,percussion.diy,available,30.2,30.2,high,low,10,cloudflare,,,30/09/2026 18:19
eaf9b6e2-91e6-46c7-846f-75af17039034,transposed.diy,available,4.98,51.98,medium,low,10,namecheap,,,11/09/2026 18:59
8f64f5d5-4457-4169-b6d5-ae0a13fd23b6,compositions.diy,available,5.49,39.99,medium,low,12,namesilo,,,02/10/2026 01:26
7254bf22-4265-443b-9692-d7cd5babe816,blackfish.diy,available,5.49,39.99,medium,low,9,namesilo,,,24/09/2026 01:55
cbd4f068-c309-492c-a96b-c1a0d7138c9c,reno.diy,premium,362.45,517.7,high,low,4,spaceship,,,28/09/2026 06:40
7f31de61-9dad-40c2-9471-843e69e375af,factories.diy,available,39.99,59.99,medium,low,9,name.com,,,20/09/2026 05:09
5e688e5c-0359-42f8-ac8f-5d115a797053,ventolin.diy,available,5.49,39.99,medium,low,8,namesilo,,,18/09/2026 03:33
b5f76123-efd0-4794-88e5-d1f6ef109ff5,barmaid.diy,available,5.49,39.99,high,low,7,namesilo,,,22/09/2026 06:36
f388ebac-3ccf-48be-8cb9-98713b570a30,broadside.diy,available,4.98,51.98,high,low,9,namecheap,,,11/08/2026 05:04
41f3bf5f-606e-4150-85db-ff7192367a87,reinforcement.diy,available,4.98,51.98,medium,low,13,namecheap,,,29/09/2026 22:51
e4645999-032d-40ff-affa-3af3d37abcf4,obliterate.diy,available,4.98,51.98,medium,low,10,namecheap,,,10/08/2026 15:34
b44dd895-dc34-4db8-99ee-83b291a4da85,woe.diy,premium,1100,1100,high,low,3,dynadot,,,30/09/2026 19:07
a0894671-11e5-4eb2-8b96-e22cb23db8fd,melvin.diy,available,5.49,39.99,high,low,6,namesilo,,,26/09/2026 03:21
f843970c-440b-4acf-bd81-66b56356160f,sectorial.diy,available,4.98,51.98,medium,low,9,namecheap,,,10/09/2026 01:22
b66fb454-b6ce-4948-bbd1-5e3e98c85122,greased.diy,available,4.98,51.98,medium,low,7,namecheap,,,20/08/2026 19:33
ed1cb5dc-d0d3-4b30-b8c7-0f498fa8db90,exists.diy,available,4.98,51.98,medium,low,6,namecheap,,,27/09/2026 02:40
e64cb58a-78d3-4c1c-a89c-90d9e1415893,ad.diy,premium,6900,6900,high,medium,3,namesilo,,,02/10/2026 01:52
a62ea697-58a6-473f-aeae-8950712e5888,prehensile.diy,available,4.98,51.98,medium,low,10,namecheap,,,07/08/2026 22:14
d2ce3281-8072-4732-b903-da047c9e8ea7,sib.diy,premium,437.5,625,medium,low,3,name.com,,,12/08/2026 15:48
c00a8d0f-a428-418f-ae12-747c93453731,spotty.diy,available,4.98,51.98,medium,low,6,namecheap,,,10/09/2026 16:37
42473466-7a01-4891-8232-57958e2ddeb7,ammonia.diy,available,39.99,59.99,high,low,7,name.com,,,18/09/2026 22:08
0c7f1a32-d2df-4185-8513-ce432ad30baa,chopra.diy,available,5.49,39.99,medium,low,6,namesilo,,,30/09/2026 16:13
fd60dacc-d412-4925-89f5-d0a6aa047a9e,infusion.diy,premium,362.45,517.7,high,low,8,spaceship,,,01/10/2026 19:30
972164ae-2973-4ba3-9ff7-55f7c7e8ff7a,kidney.diy,available,0.99,59.99,high,low,6,godaddy,,,30/09/2026 01:20
9a7b6eed-40eb-4705-a35d-c8b543041074,chemicals.diy,available,4.63,31.41,medium,low,9,porkbun,,,28/09/2026 08:24
551de645-5c9b-411a-96b5-b889f8eb3464,bruges.diy,premium,116,116,medium,low,6,namesilo,,,29/09/2026 06:10
8f560d3e-697c-49db-ad3a-d41dd8f9450c,sloane.diy,available,30.2,30.2,high,low,6,cloudflare,,,28/09/2026 16:12
054cc115-545a-4a62-ac1b-ddc01bfa3800,dla.diy,premium,,,high,low,3,,,,01/10/2026 11:00
d07c9deb-6552-4db0-858e-0d9b00f5881d,oka.diy,premium,1107,1107,high,low,3,namesilo,,,01/10/2026 21:09
84e18be4-ab73-466a-a44e-33e3d8f73554,quat.diy,premium,302.5,302.5,medium,low,4,namesilo,,,17/09/2026 15:25
13987a24-2cdf-4bb7-9e18-59e80eda6739,jain.diy,premium,218.75,312.5,high,low,4,name.com,,,22/08/2026 12:04
0cf0e0b5-a5af-4376-894a-3194b366b925,boutique.diy,premium,72.65,103.7,high,low,8,spaceship,,,29/09/2026 02:31
e08fe434-02df-4fce-90e8-5774695c920c,junket.diy,available,5.49,39.99,high,low,6,namesilo,,,22/09/2026 03:02
55bcdc94-cbe8-4f37-8d24-a7a0cac053ae,devalued.diy,available,4.98,51.98,medium,low,8,namecheap,,,14/08/2026 05:02
80033877-39a9-491a-b4d3-c46b76f9fc59,scruples.diy,available,5.49,39.99,high,low,8,namesilo,,,24/09/2026 17:26
8ef526cf-843a-465a-9e42-4915a996a4fb,animator.diy,available,5.49,39.99,high,low,8,namesilo,,,19/09/2026 09:13
c0ef2668-3515-4d0a-942f-595f9e6d6776,doting.diy,available,4.98,51.98,high,low,6,namecheap,,,14/08/2026 16:28
b7b2c848-8100-43f2-8375-c329fa938e0a,prokhorov.diy,available,5.49,39.99,high,low,9,namesilo,,,18/09/2026 05:06
e65b90f6-87a8-4607-bad3-c50c8668436b,cleanly.diy,available,4.98,51.98,high,low,7,namecheap,,,12/08/2026 10:21
bb3486d1-654b-4b96-8759-6d2be8967987,insulting.diy,available,5.49,39.99,medium,low,9,namesilo,,,23/09/2026 21:52
c7c65655-398a-4703-afe8-d549c46655ba,seagoing.diy,available,4.98,51.98,medium,low,8,namecheap,,,04/09/2026 00:24
b740416d-b165-44a0-b7cb-8a7b294d1e81,alienism.diy,available,4.98,51.98,medium,low,8,namecheap,,,18/09/2026 07:34
0808b08d-b353-4d0d-b111-a6a5e58f241a,arthropod.diy,available,5.49,39.99,medium,low,9,namesilo,,,20/09/2026 10:41
75b7eca3-d3d6-41cc-9490-b976ea9ad5a6,crashed.diy,available,4.35,31.25,low,low,7,spaceship,,,27/09/2026 11:29
e3737e60-421c-420a-985d-38c2db15b18e,gas.diy,premium,1107,1107,high,low,3,namesilo,,,30/09/2026 01:57
b3713183-8691-404b-a11c-5e9a952435c1,arui.diy,premium,302.5,302.5,medium,low,4,namesilo,,,18/09/2026 22:15
ea3caeae-df14-4545-9b8c-7ce559c1353e,lenses.diy,available,5.49,39.99,medium,low,6,namesilo,,,29/09/2026 05:38
f385848d-da87-4a76-beb2-66adc29917aa,racy.diy,premium,218.75,312.5,medium,low,4,name.com,,,18/08/2026 18:00
e36bc912-1d78-4154-a9d2-9e0199bc1334,tunica.diy,available,5.49,39.99,medium,low,6,namesilo,,,17/09/2026 10:35
d2c0a214-0de4-4c96-815e-127143d3d1fb,offers.diy,premium,640,640,high,low,6,namesilo,,,27/09/2026 23:51
2adeda3a-a866-4905-9255-512cc0fbe2a9,lafayette.diy,premium,640,640,high,low,9,namesilo,,,30/09/2026 01:47
b3ccf4a9-bcfb-41c9-84ac-900919f318bd,antedon.diy,available,5.49,39.99,medium,low,7,namesilo,,,19/09/2026 12:48
bf47f37b-ad6c-4f14-bf2b-d5ecb181198d,absolutely.diy,available,4.99,32.32,high,low,10,dynadot,,,28/09/2026 11:36
9b6dcf47-3c71-4849-8537-4cf9c4383a1b,muncie.diy,available,4.35,31.25,medium,low,6,spaceship,,,30/09/2026 02:21
06de3dc9-5e84-46ad-bb93-a2f1e9987f66,elizabeth.diy,available,4.98,51.98,high,low,9,namecheap,,,25/09/2026 05:29
485e2383-794b-4e9e-bfb3-e70e79d53b76,sauna.diy,premium,116,116,high,low,5,namesilo,,,30/09/2026 10:38
077a5805-6772-4dc3-8181-ca8899e70e3e,epistemic.diy,available,4.98,51.98,medium,low,9,namecheap,,,17/08/2026 11:13
0afd4b5a-a724-421e-85b9-4e5c8c782b2e,fledgling.diy,available,4.98,51.98,medium,low,9,namecheap,,,11/08/2026 14:45
bf8e38f1-52b3-4b28-8d74-0abc34f62b86,muscovite.diy,available,4.98,51.98,medium,low,9,namecheap,,,03/09/2026 11:26
0918be62-e8c6-4f71-934d-6ec077b25f83,guineas.diy,available,4.35,31.25,medium,low,7,spaceship,,,01/10/2026 17:45
0e5d2df9-e213-4a4b-803c-737c4c58a989,aconcagua.diy,available,4.98,51.98,medium,low,9,namecheap,,,17/09/2026 02:04
08e58ed8-7977-4938-8c05-72e67811d802,fluvial.diy,available,4.98,51.98,medium,low,7,namecheap,,,18/08/2026 09:35
b08898c1-b489-4034-bf1b-6a817abe1c43,carts.diy,premium,116,116,medium,low,5,namesilo,,,30/09/2026 07:03
792a2635-1f75-4c35-86cc-ec76346e2680,cliffs.diy,available,5.49,39.99,high,low,6,namesilo,,,29/09/2026 11:04
7c76ec87-f449-4c7d-bd7c-0f248aa96b3d,retainer.diy,available,4.99,32.32,high,low,8,dynadot,,,30/09/2026 02:42
0c6ca469-4027-442c-aa9a-4cd9dac0f116,spinning.diy,available,5.49,39.99,high,low,8,namesilo,,,27/09/2026 05:29
e182a8e3-809f-4545-8454-816e5c13dcf4,declares.diy,available,0.99,59.99,medium,low,8,godaddy,,,01/10/2026 00:10
abc4bcef-8de5-4404-9639-e9491c66fb1b,cernuous.diy,available,4.98,51.98,medium,low,8,namecheap,,,12/08/2026 00:44
ae1ea322-54f8-4cc9-b277-54b47f0580b8,proverb.diy,available,5.49,39.99,high,low,7,namesilo,,,17/09/2026 06:07
e17016ac-a331-48c4-a552-859c94dbe46a,mysteries.diy,available,4.99,32.32,high,low,9,dynadot,,,28/09/2026 17:32
fdd60f0f-d49b-444e-8045-d4aec0f5c207,burbling.diy,available,4.98,51.98,medium,low,8,namecheap,,,11/08/2026 10:10
d3f2a42e-50dc-466c-b5a1-ba00c1a88a46,focussed.diy,available,4.98,51.98,high,low,8,namecheap,,,18/08/2026 09:47
9ade3e75-a8e9-4d59-9e96-e80aba67e4e2,windsor.diy,premium,640,640,high,low,7,namesilo,,,29/09/2026 23:04
21dde193-c924-48bb-ba77-66c8093d3f91,mixing.diy,available,4.35,31.25,high,low,6,spaceship,,,29/09/2026 10:24
cb55b45c-19d1-4fca-ba06-7c44c6099dca,camomile.diy,available,5.49,39.99,medium,low,8,namesilo,,,19/09/2026 13:02
8904e375-957f-48d5-b216-930e99b9d906,guitarist.diy,available,30.2,30.2,high,low,9,cloudflare,,,01/10/2026 02:21
0c35ee3f-4641-43cd-8fd2-ceab80d4e2d9,pause.diy,premium,72.65,103.7,high,low,5,spaceship,,,28/09/2026 06:34